gene	accession	transcript_idx	donor9	acceptor15	canonical
BRCA1	NG_005905.2	0	CGGGTAAGG	GTGTTCGCTCCCGCA	0
BRCA1	NG_005905.2	0	AAGGTGAGT	TCTTTTCTCATTAGT	1
BRCA1	NG_005905.2	0	CACGTAAGC	TTCTCTCTCTCTAGA	1
BRCA1	NG_005905.2	0	ACGGTGGGT	CTGCTTTCCCACAGG	1
BRCA1	NG_005905.2	0	ATAGTGAGT	CATTTGGTTGACAGA	1
BRCA1	NG_005905.2	0	CCAGTAAGT	TTCTTCTCTCTCAGC	1
BRCA1	NG_005905.2	1	CGGGTAAGG	GTGTTCGCTCCCGCA	0
BRCA1	NG_005905.2	1	AAGGTGAGC	ATTCGTTCCCCTAGG	1
BRCA1	NG_005905.2	1	TGGGTAAGA	TCTTTTCTCATTAGT	1
BRCA1	NG_005905.2	1	AAGGTGAGT	TGTGCCTTGTGAAGG	1
BRCA1	NG_005905.2	1	CACGTAAGC	TTCTCTCTCTCTAGA	1
BRCA1	NG_005905.2	1	ACGGTGGGT	CTGCTTTCCCACAGG	1
BRCA1	NG_005905.2	1	CAGGTGACT	GTCTTCATCCCCAGA	1
BRCA1	NG_005905.2	1	ATAGTGAGT	CATTTGGTTGACAGA	1
BRCA1	NG_005905.2	1	CCAGTAAGT	TTCTTCTCTCTCAGC	1
BRCA1	NG_005905.2	2	CGGGTAAGG	GTGTTCGCTCCCGCA	0
BRCA1	NG_005905.2	2	AAGGTGAGC	ATTCGTTCCCCTAGG	1
BRCA1	NG_005905.2	2	AAGGTGAGT	TCTTTTCTCATTAGT	1
BRCA1	NG_005905.2	2	CACGTAAGC	TTCTCTCTCTCTAGA	1
BRCA1	NG_005905.2	2	ACGGTGGGT	CTGCTTTCCCACAGG	1
BRCA1	NG_005905.2	2	CAGGTGACT	GTCTTCATCCCCAGA	1
BRCA1	NG_005905.2	2	ATAGTGAGT	CATTTGGTTGACAGA	1
BRCA1	NG_005905.2	2	CCAGTAAGT	TTCTTCTCTCTCAGC	1
BRCA1	NG_005905.2	3	CGGGTAAGG	GTGTTCGCTCCCGCA	0
BRCA1	NG_005905.2	3	AAGGTGAGC	TCCCCACTCTCCAGT	1
BRCA1	NG_005905.2	3	AAGGTGAGT	TCTTTTCTCATTAGT	1
BRCA1	NG_005905.2	3	CACGTAAGC	TTCTCTCTCTCTAGA	1
BRCA1	NG_005905.2	3	ACGGTGGGT	CTGCTTTCCCACAGG	1
BRCA1	NG_005905.2	3	CAGGTGACT	GTCTTCATCCCCAGA	1
BRCA1	NG_005905.2	3	ATAGTGAGT	CATTTGGTTGACAGA	1
BRCA1	NG_005905.2	3	CCAGTAAGT	TTCTTCTCTCTCAGC	1
BRCA1	NG_005905.2	4	TAGGTAAAT	ACGGAAAAGGAAGAA	0
BRCA1	NG_005905.2	4	ATGGTGAGT	CTTCTCAACCCTAGC	1
BRCA1	NG_005905.2	4	GAGGTAAAA	TATCTCTTTTATAGG	1
BRCA1	NG_005905.2	4	AAGGTGAGT	TTTTCCTTTTATAGG	1
BRCA1	NG_005905.2	4	AAGGTAATG	TTTTGTTCTTTTAGG	1
BRCA1	NG_005905.2	4	CAGGTATGA	ATGTATGCTCTTAGA	1
BRCA1	NG_005905.2	4	ACGGTGAGT	GTGTTTTCTCCCAGT	1
BRCA1	NG_005905.2	4	TAGGTAAGC	GCTCCATATTCTAGT	1
BRCA1	NG_005905.2	4	CAGGTAAAA	TTCTTTCCCCACAGC	1
BRCA1	NG_005905.2	4	GATGTAAGC	TTATTATCTCACAGG	1
BRCA1	NG_005905.2	4	AAGGTAATT	GAATTTCTGTTCAGG	1
BRCA1	NG_005905.2	4	GAGGTGAGC	ACTGTTCTTTTCAGC	1
BRCA1	NG_005905.2	4	CAGGTGGAA	GTTTGTCTCTATAGG	1
BRCA1	NG_005905.2	4	TGGGTAAGA	GTCTTTTTTTATAGG	1
BRCA1	NG_005905.2	4	CTGGTAAGG	TCTTCATTCTCCAGA	1
BRCA1	NG_005905.2	4	AGAGTGAGT	CGTGTGTCTTTCAGA	1
BRCA1	NG_005905.2	4	CAGGTACCA	CTTTCATCCTTTAGT	1
BRCA1	NG_005905.2	4	GAGGTAATG	TGTCTTTCTGAAAGG	1
BRCA1	NG_005905.2	4	AAGGTAACA	TCTTTTGCTTTTAGA	1
BRCA1	NG_005905.2	4	CAGGTCAGT	GTTTTCCTCTGCAGG	1
BRCA1	NG_005905.2	5	CTGGTAAGG	TTATCCGCCATGTTA	0
BRCA1	NG_005905.2	5	ATGGTGAGT	CTTCTCAACCCTAGC	1
BRCA1	NG_005905.2	5	AAGGTGAGT	TTTTCCTTTTATAGG	1
BRCA1	NG_005905.2	5	AAGGTAATG	TTTTGTTCTTTTAGG	1
BRCA1	NG_005905.2	5	CAGGTATGA	ATGTATGCTCTTAGA	1
BRCA1	NG_005905.2	5	ACGGTGAGT	GTGTTTTCTCCCAGT	1
BRCA1	NG_005905.2	5	TAGGTAAGC	GCTCCATATTCTAGT	1
BRCA1	NG_005905.2	5	CAGGTAAAA	TTCTTTCCCCACAGC	1
BRCA1	NG_005905.2	5	GATGTAAGC	TTATTATCTCACAGG	1
BRCA1	NG_005905.2	5	AAGGTAATT	GAATTTCTGTTCAGG	1
BRCA1	NG_005905.2	5	GAGGTGAGC	ACTGTTCTTTTCAGC	1
BRCA1	NG_005905.2	5	CAGGTGGAA	GTTTGTCTCTATAGG	1
BRCA1	NG_005905.2	5	TGGGTAAGA	GTCTTTTTTTATAGG	1
BRCA1	NG_005905.2	5	CTGGTAAGG	TCTTCATTCTCCAGA	1
BRCA1	NG_005905.2	5	AGAGTGAGT	CGTGTGTCTTTCAGA	1
BRCA1	NG_005905.2	5	CAGGTACCA	CTTTCATCCTTTAGT	1
BRCA1	NG_005905.2	5	GAGGTAATG	TGTCTTTCTGAAAGG	1
BRCA1	NG_005905.2	6	CTGGTAAGG	TTATCCGCCATGTTA	0
BRCA1	NG_005905.2	6	ATGGTGAGT	CTTCTCAACCCTAGC	1
BRCA1	NG_005905.2	6	GAGGTAAAA	TATCTCTTTTATAGG	1
BRCA1	NG_005905.2	6	AAGGTGAGT	TTTTCCTTTTATAGG	1
BRCA1	NG_005905.2	6	AAGGTAATG	TTTTGTTCTTTTAGG	1
BRCA1	NG_005905.2	6	CAGGTATGA	ATGTATGCTCTTAGA	1
BRCA1	NG_005905.2	6	ACGGTGAGT	GTGTTTTCTCCCAGT	1
BRCA1	NG_005905.2	6	TAGGTAAGC	GCTCCATATTCTAGT	1
BRCA1	NG_005905.2	6	CAGGTAAAA	TTCTTTCCCCACAGC	1
BRCA1	NG_005905.2	6	GATGTAAGC	TTATTATCTCACAGG	1
BRCA1	NG_005905.2	6	AAGGTAATT	GAATTTCTGTTCAGG	1
BRCA1	NG_005905.2	6	GAGGTGAGC	ACTGTTCTTTTCAGC	1
BRCA1	NG_005905.2	6	CAGGTGGAA	GTTTGTCTCTATAGG	1
BRCA1	NG_005905.2	6	TGGGTAAGA	GTCTTTTTTTATAGG	1
BRCA1	NG_005905.2	6	CTGGTAAGG	TCTTCATTCTCCAGA	1
BRCA1	NG_005905.2	6	AGAGTGAGT	CGTGTGTCTTTCAGA	1
BRCA1	NG_005905.2	6	CAGGTACCA	CTTTCATCCTTTAGT	1
BRCA1	NG_005905.2	6	GAGGTAATG	TGTCTTTCTGAAAGG	1
BRCA1	NG_005905.2	6	AAGGTAACA	TCTTTTGCTTTTAGA	1
BRCA1	NG_005905.2	6	CAGGTCAGT	GTTTTCCTCTGCAGG	1
BRCA1	NG_005905.2	7	CTGGTAAGG	TTATCCGCCATGTTA	0
BRCA1	NG_005905.2	7	ATGGTGAGT	CTTCTCAACCCTAGC	1
BRCA1	NG_005905.2	7	GAGGTAAAA	TATCTCTTTTATAGG	1
BRCA1	NG_005905.2	7	AAGGTGAGT	TTTTCCTTTTATAGG	1
BRCA1	NG_005905.2	7	AAGGTAATG	TTTTGTTCTTTTAGG	1
BRCA1	NG_005905.2	7	CAGGTATGA	ATGTATGCTCTTAGA	1
BRCA1	NG_005905.2	7	ACGGTGAGT	GTGTTTTCTCCCAGT	1
BRCA1	NG_005905.2	7	TAGGTAAGC	GCTCCATATTCTAGT	1
BRCA1	NG_005905.2	7	CAGGTAAAA	TTCTTTCCCCACAGC	1
BRCA1	NG_005905.2	7	GATGTAAGC	TTATTATCTCACAGG	1
BRCA1	NG_005905.2	7	AAGGTAATT	GAATTTCTGTTCAGG	1
BRCA1	NG_005905.2	7	GAGGTGAGC	ACTGTTCTTTTCAGC	1
BRCA1	NG_005905.2	7	CAGGTGGAA	GTTTGTCTCTATAGG	1
BRCA1	NG_005905.2	7	TGGGTAAGA	GTCTTTTTTTATAGG	1
BRCA1	NG_005905.2	7	CTGGTAAGG	TCTTCATTCTCCAGA	1
BRCA1	NG_005905.2	7	AGAGTGAGT	CGTGTGTCTTTCAGA	1
BRCA1	NG_005905.2	7	CAGGTACCA	CTTTCATCCTTTAGT	1
BRCA1	NG_005905.2	7	GAGGTAATG	TGTCTTTCTGAAAGG	1
BRCA1	NG_005905.2	7	AAGGTAACA	TCTTTTGCTTTTAGA	1
BRCA1	NG_005905.2	7	CAGGTCAGT	GTTTTCCTCTGCAGG	1
BRCA1	NG_005905.2	8	AAGGTAGTA	CTAATGTGTTAAAGT	1
BRCA1	NG_005905.2	8	CTGGTAAGT	CCCTACCCTGCTAGT	1
BRCA1	NG_005905.2	8	CAAGTAAGT	TTTATAATTTATAGA	1
BRCA1	NG_005905.2	8	AAGGTATAT	CAATTTAATTTCAGG	1
BRCA1	NG_005905.2	8	AGTGTAAGT	CTTGTATTTTACAGA	1
BRCA1	NG_005905.2	8	TTGGTAAAA	ACCATACTGTTTAGC	1
BRCA1	NG_005905.2	8	TGGGTAAGG	GGGAAATTTTTTAGG	1
BRCA1	NG_005905.2	8	CAGGTGAGT	TCTTTTCCCTATAGT	1
BRCA1	NG_005905.2	8	AGGGTAATG	TTGTATATTTTCAGC	1
BRCA1	NG_005905.2	8	TAGGTATTG	TTTTGTTATTTAAGG	1
BRCA1	NG_005905.2	8	CAGGTAAAA	TATCGTTTTTGAAGC	1
BRCA1	NG_005905.2	8	AAGGTGTGT	CATTCCATTTAAAGC	1
BRCA1	NG_005905.2	8	AAGGTAAGA	ATTTATCTTTCTAGG	1
BRCA1	NG_005905.2	8	TAGGTAATA	CCCATTCCTTTCAGA	1
BRCA1	NG_005905.2	8	TTTGTGAGT	TGATTTAATTTCAGA	1
BRCA1	NG_005905.2	8	CAGGTATAC	TTTTCATTCTGCAGA	1
BRCA1	NG_005905.2	8	TCTGTAAGT	TATGATCTCTTTAGG	1
BRCA1	NG_005905.2	8	GAGGTAAGT	TTGGTTTCTTTCAGC	1
BRCA1	NG_005905.2	8	AAGGTAAAG	CTCTCTTCTTCCAGA	1
BRCA1	NG_005905.2	8	CAGGTAAGA	AATGTCCATTTTAGA	1
BRCA1	NG_005905.2	8	ACAGTAAGT	TCCTGGGGATCCAGG	1
BRCA1	NG_005905.2	8	ATGGTAAGG	TTCTCTGTCTCCAGC	1
BRCA1	NG_005905.2	9	GGGGTGAGG	GGCGGGGGCTCGGCG	0
BRCA1	NG_005905.2	9	CAGGTAGCC	ATCCGTGTCTGCAGA	1
BRCA1	NG_005905.2	9	AAGGTGGGA	CTGTCTTCCTTCAGG	1
BRCA1	NG_005905.2	9	CAGGTGGGA	CTTCTCCTACATAGT	1
BRCA2	NG_017006.2	0	AAGGTCAGA	CACAACCACACACCG	0
BRCA2	NG_017006.2	0	CAGGTATTG	CTTCTGTTTTGCAGA	1
BRCA2	NG_017006.2	1	CGGGTTAGT	TGAAACTAGGCGGCA	0
BRCA2	NG_017006.2	2	CGGGTTAGT	TGAAACTAGGCGGCA	0
BRCA2	NG_017006.2	2	CAGGTATTG	CTTCTGTTTTGCAGA	1
BRCA2	NG_017006.2	3	CGGGTTAGT	TGAAACTAGGCGGCA	0
BRCA2	NG_017006.2	3	CAGGTATTG	CTTCTGTTTTGCAGA	1
BRCA2	NG_017006.2	4	CGGGTTAGT	TGAAACTAGGCGGCA	0
BRCA2	NG_017006.2	4	CAGGTATTG	CTTCTGTTTTGCAGA	1
BRCA2	NG_017006.2	5	CGGGTTAGT	TGAAACTAGGCGGCA	0
BRCA2	NG_017006.2	5	CAGGTATTG	CTTCTGTTTTGCAGA	1
BRCA2	NG_017006.2	6	GGAGTGTGT	TTTTGCATTCTTAGG	1
BRCA2	NG_017006.2	6	AGGGTGGGC	TCTCCCTCAATCAGG	1
BRCA2	NG_017006.2	6	CAGGTAGAT	TTCTTTATTTTCAGT	1
BRCA2	NG_017006.2	6	AAGGTAAAT	ATATTTCTCTTTAGG	1
BRCA2	NG_017006.2	6	CAGGTGAGC	TTTGTTTCCTAAAGA	1
TP53	NG_017013.2	0	CAGGTAGAT	GGCAGCGGGAGAAAT	0
TP53	NG_017013.2	0	CACGTAAGT	TGCTTCCTCTGCAGT	1
TP53	NG_017013.2	0	GTGGTAAGG	CATCTTCCTTTCAGC	1
TP53	NG_017013.2	1	AGGGCAAGT	CTCCCAGCCCGAACG	0
TP53	NG_017013.2	1	CACGTAAGT	TGCTTCCTCTGCAGT	1
TP53	NG_017013.2	1	GTGGTAAGG	CATCTTCCTTTCAGC	1
TP53	NG_017013.2	2	CACGTAAGT	TTCTAACCTTTCACG	0
TP53	NG_017013.2	2	GTGGTAAGG	CATCTTCCTTTCAGC	1
TP53	NG_017013.2	3	CAGGTGGGT	GTGCTAAGGAACACA	0
TP53	NG_017013.2	3	CACGTAAGT	TGCTTCCTCTGCAGT	1
TP53	NG_017013.2	3	GTGGTAAGG	CATCTTCCTTTCAGC	1
TP53	NG_017013.2	4	TGGGTAAGC	TTTTCCTCTTGCAGC	1
TP53	NG_017013.2	4	CTGGTAAGG	TCACCCATCTACAGT	1
TP53	NG_017013.2	4	ACGGTCAGT	TCCTCTTCCTACAGT	1
TP53	NG_017013.2	4	ATGGTGAGC	CTGATTGCTCTTAGG	1
TP53	NG_017013.2	4	GAGGTCTGG	GTGTTATCTCCTAGG	1
TP53	NG_017013.2	4	CAGGTCAGG	CCTATCCTGAGTAGT	1
TP53	NG_017013.2	4	GAGGTAAGC	TGCCTCTTTCCTAGC	1
TP53	NG_017013.2	4	CAGGTACTA	CTCTGTTGCTGCAGA	1
TP53	NG_017013.2	4	CAGGTGAGT	TCTGTCTCCTACAGC	1
TP53	NG_017013.2	5	TGGGTAAGC	TTTTCCTCTTGCAGC	1
TP53	NG_017013.2	5	ACTGTGAGT	CTCTTGTCTTTCAGA	1
TP53	NG_017013.2	5	CTGGTAAGG	TCACCCATCTACAGT	1
TP53	NG_017013.2	5	ACGGTCAGT	TCCTCTTCCTACAGT	1
TP53	NG_017013.2	5	ATGGTGAGC	CTGATTGCTCTTAGG	1
TP53	NG_017013.2	5	GAGGTCTGG	GTGTTATCTCCTAGG	1
TP53	NG_017013.2	5	CAGGTCAGG	CCTATCCTGAGTAGT	1
TP53	NG_017013.2	5	GAGGTAAGC	TGCCTCTTTCCTAGC	1
TP53	NG_017013.2	5	CAGGTACTA	TATATATTTTAAAGG	1
TP53	NG_017013.2	5	ATTGTAAGT	CTCTGTTGCTGCAGA	1
TP53	NG_017013.2	5	CAGGTGAGT	TCTGTCTCCTACAGC	1
TP53	NG_017013.2	6	TGGGTAAGC	TTTTCCTCTTGCAGC	1
TP53	NG_017013.2	6	ACTGTGAGT	CTCTTGTCTTTCAGA	1
TP53	NG_017013.2	6	CTGGTAAGG	TCACCCATCTACAGT	1
TP53	NG_017013.2	6	ACGGTCAGT	TCCTCTTCCTACAGT	1
TP53	NG_017013.2	6	ATGGTGAGC	CTGATTGCTCTTAGG	1
TP53	NG_017013.2	6	GAGGTCTGG	GTGTTATCTCCTAGG	1
TP53	NG_017013.2	6	CAGGTCAGG	CCTATCCTGAGTAGT	1
TP53	NG_017013.2	6	GAGGTAAGC	TGCCTCTTTCCTAGC	1
TP53	NG_017013.2	6	CAGGTACTA	TTTGCCTGATACAGA	1
TP53	NG_017013.2	6	ATTGTAAGT	CTCTGTTGCTGCAGA	1
TP53	NG_017013.2	6	CAGGTGAGT	TCTGTCTCCTACAGC	1
TP53	NG_017013.2	7	TGGGTAAGC	TTTTCCTCTTGCAGC	1
TP53	NG_017013.2	7	ACTGTGAGT	CTCTTGTCTTTCAGA	1
TP53	NG_017013.2	7	CTGGTAAGG	TCACCCATCTACAGT	1
TP53	NG_017013.2	7	ACGGTCAGT	TCCTCTTCCTACAGT	1
TP53	NG_017013.2	7	ATGGTGAGC	CTGATTGCTCTTAGG	1
TP53	NG_017013.2	7	GAGGTCTGG	GTGTTATCTCCTAGG	1
TP53	NG_017013.2	7	CAGGTCAGG	CCTATCCTGAGTAGT	1
TP53	NG_017013.2	7	GAGGTAAGC	TGCCTCTTTCCTAGC	1
TP53	NG_017013.2	7	CAGGTACTA	CTCTGTTGCTGCAGA	1
TP53	NG_017013.2	7	CAGGTGAGT	TCTGTCTCCTACAGC	1
TP53	NG_017013.2	8	TGGGTAAGC	TCCTCTTGCAGCAGC	1
TP53	NG_017013.2	8	ACTGTGAGT	CTCTTGTCTTTCAGA	1
TP53	NG_017013.2	8	CTGGTAAGG	TCACCCATCTACAGT	1
TP53	NG_017013.2	8	ACGGTCAGT	TCCTCTTCCTACAGT	1
TP53	NG_017013.2	8	ATGGTGAGC	CTGATTGCTCTTAGG	1
TP53	NG_017013.2	8	GAGGTCTGG	GTGTTATCTCCTAGG	1
TP53	NG_017013.2	8	CAGGTCAGG	CCTATCCTGAGTAGT	1
TP53	NG_017013.2	8	GAGGTAAGC	TGCCTCTTTCCTAGC	1
TP53	NG_017013.2	8	CAGGTACTA	CTCTGTTGCTGCAGA	1
TP53	NG_017013.2	8	CAGGTGAGT	TCTGTCTCCTACAGC	1
TP53	NG_017013.2	9	ATGGTGAGC	CTGATTGCTCTTAGG	1
TP53	NG_017013.2	9	GAGGTCTGG	GTGTTATCTCCTAGG	1
TP53	NG_017013.2	9	CAGGTCAGG	CCTATCCTGAGTAGT	1
TP53	NG_017013.2	9	GAGGTAAGC	TGCCTCTTTCCTAGC	1
TP53	NG_017013.2	9	CAGGTACTA	TATATATTTTAAAGG	1
TP53	NG_017013.2	9	ATTGTAAGT	CTCTGTTGCTGCAGA	1
TP53	NG_017013.2	9	CAGGTGAGT	TCTGTCTCCTACAGC	1
TP53	NG_017013.2	10	ATGGTGAGC	CTGATTGCTCTTAGG	1
TP53	NG_017013.2	10	GAGGTCTGG	GTGTTATCTCCTAGG	1
TP53	NG_017013.2	10	CAGGTCAGG	CCTATCCTGAGTAGT	1
TP53	NG_017013.2	10	GAGGTAAGC	TGCCTCTTTCCTAGC	1
TP53	NG_017013.2	10	CAGGTACTA	TTTGCCTGATACAGA	1
TP53	NG_017013.2	10	ATTGTAAGT	CTCTGTTGCTGCAGA	1
TP53	NG_017013.2	10	CAGGTGAGT	TCTGTCTCCTACAGC	1
TP53	NG_017013.2	11	ATGGTGAGC	CTGATTGCTCTTAGG	1
TP53	NG_017013.2	11	GAGGTCTGG	GTGTTATCTCCTAGG	1
TP53	NG_017013.2	11	CAGGTCAGG	CCTATCCTGAGTAGT	1
TP53	NG_017013.2	11	GAGGTAAGC	TGCCTCTTTCCTAGC	1
TP53	NG_017013.2	11	CAGGTACTA	CTCTGTTGCTGCAGA	1
TP53	NG_017013.2	11	CAGGTGAGT	TCTGTCTCCTACAGC	1
MLH1	NG_007109.2	0	CTGGTACGG	GTTTGATTTGCCAGT	1
MLH1	NG_007109.2	0	AGGGTAAGT	TTGGTATCTAACAGA	1
MLH1	NG_007109.2	0	GAGGTAAGC	CTTTTCTTCCTTAGG	1
MLH1	NG_007109.2	0	CAGGTATAG	TATTTTCTCATTAGA	1
MLH1	NG_007109.2	0	ACGGTAAGA	AATCTTCTGTTCAGG	1
MLH1	NG_007109.2	0	CAGGTACAG	TTTTTCTTTTCCAGG	1
MLH1	NG_007109.2	0	AAAGTAAGT	TGTTTGTTTATCAGC	1
MLH1	NG_007109.2	0	TCGGTATGT	CTCTTTTCTAATAGA	1
MLH1	NG_007109.2	0	ACCGTAAGT	TTTTTATTGTTTAGA	1
MLH1	NG_007109.2	0	CAGGTAATG	TATTTTCCTGACAGT	1
MLH1	NG_007109.2	0	CAGGTCAGG	TTTTTTTAATACAGA	1
MLH1	NG_007109.2	0	CAGGTATGG	TTTCTTCATTGCAGA	1
MLH1	NG_007109.2	0	AGGGTACGT	TTTTTGTTTTGCAGT	1
MLH1	NG_007109.2	0	TAGGTAAAT	ATTTTTATTTTCAGT	1
MLH1	NG_007109.2	0	TCGGTAAGT	TTGCTTCTTCCTAGG	1
MLH1	NG_007109.2	0	GAGGTGTGA	TTTCCTGCAAGCAGG	1
MLH1	NG_007109.2	0	GAGGTCAGT	TTTCTTTGGACCAGG	1
MLH1	NG_007109.2	0	CAGGTACAG	AATGTGTTTTCCAGA	1
MLH1	NG_007109.2	1	TAGGTAAGA	TTTCCCCCCTGCAGA	1
MLH1	NG_007109.2	1	CAGGTAAAG	TTCATTTGTTTTAGA	1
MLH1	NG_007109.2	1	AGAGTAGGT	TATTTTCATTTCAGA	1
MLH1	NG_007109.2	1	AGTGTAAGT	TTCTTCTGTTCTAGG	1
MLH1	NG_007109.2	1	GAGGTACTT	TCTCATACTTACAGA	1
MLH1	NG_007109.2	2	TAGGTAAGA	TTTCCCCCCTGCAGA	1
MLH1	NG_007109.2	2	CAGGTAAAG	TTCATTTGTTTTAGA	1
MLH1	NG_007109.2	2	AGAGTAGGT	TATTTTCATTTCAGA	1
MLH1	NG_007109.2	2	AGTGTAAGT	TTCTTCTGTTCTAGG	1
MLH1	NG_007109.2	2	GAGGTACTT	TCTCATACTTACAGA	1
MLH1	NG_007109.2	3	TAGGTAAGA	TTTCCCCCCTGCAGA	1
MLH1	NG_007109.2	3	CAGGTAAAG	TTCATTTGTTTTAGA	1
MLH1	NG_007109.2	3	AGAGTAGGT	TATTTTCATTTCAGA	1
MLH1	NG_007109.2	3	AGTGTAAGT	TTCTTCTGTTCTAGG	1
MLH1	NG_007109.2	3	GAGGTACTT	TCTCATACTTACAGA	1
MLH1	NG_007109.2	4	TAGGTAAGA	TTTCCCCCCTGCAGA	1
MLH1	NG_007109.2	4	CAGGTAAAG	TTCATTTGTTTTAGA	1
MLH1	NG_007109.2	4	AGAGTAGGT	TATTTTCATTTCAGA	1
MLH1	NG_007109.2	4	AGTGTAAGT	TTCTTCTGTTCTAGG	1
MLH1	NG_007109.2	4	GAGGTACTT	TCTCATACTTACAGA	1
MLH1	NG_007109.2	5	TAGGTAAGA	TTTCCCCCCTGCAGA	1
MLH1	NG_007109.2	5	CAGGTAAAG	TTCATTTGTTTTAGA	1
MLH1	NG_007109.2	5	AGAGTAGGT	TATTTTCATTTCAGA	1
MLH1	NG_007109.2	5	AGTGTAAGT	TTCTTCTGTTCTAGG	1
MLH1	NG_007109.2	5	GAGGTACTT	TCTCATACTTACAGA	1
MLH1	NG_007109.2	6	TAGGTAAGA	TTTCCCCCCTGCAGA	1
MLH1	NG_007109.2	6	CAGGTAAAG	TTCATTTGTTTTAGA	1
MLH1	NG_007109.2	6	AGAGTAGGT	TATTTTCATTTCAGA	1
MLH1	NG_007109.2	6	AGTGTAAGT	TTCTTCTGTTCTAGG	1
MLH1	NG_007109.2	6	GAGGTACTT	TCTCATACTTACAGA	1
MLH1	NG_007109.2	7	TAGGTAAGA	TTTCCCCCCTGCAGA	1
MLH1	NG_007109.2	7	CAGGTAAAG	TTCATTTGTTTTAGA	1
MLH1	NG_007109.2	7	AGAGTAGGT	TATTTTCATTTCAGA	1
MLH1	NG_007109.2	7	AGTGTAAGT	TTCTTCTGTTCTAGG	1
MLH1	NG_007109.2	7	GAGGTACTT	TCTCATACTTACAGA	1
MLH1	NG_007109.2	8	TAGGTAAGA	TTTCCCCCCTGCAGA	1
MLH1	NG_007109.2	8	CAGGTAAAG	TTCATTTGTTTTAGA	1
MLH1	NG_007109.2	8	AGAGTAGGT	TATTTTCATTTCAGA	1
MLH1	NG_007109.2	8	AGTGTAAGT	TTCTTCTGTTCTAGG	1
MLH1	NG_007109.2	8	GAGGTACTT	TCTCATACTTACAGA	1
MLH1	NG_007109.2	9	TAGGTAAGA	TTTCCCCCCTGCAGA	1
MLH1	NG_007109.2	9	CAGGTAAAG	TTCATTTGTTTTAGA	1
MLH1	NG_007109.2	9	AGAGTAGGT	TATTTTCATTTCAGA	1
MLH1	NG_007109.2	9	AGTGTAAGT	TTCTTCTGTTCTAGG	1
MLH1	NG_007109.2	9	GAGGTACTT	TCTCATACTTACAGA	1
MLH1	NG_007109.2	10	TAGGTAAGA	TTTCCCCCCTGCAGA	1
MLH1	NG_007109.2	10	CAGGTAAAG	TTCATTTGTTTTAGA	1
MLH1	NG_007109.2	10	AGAGTAGGT	TATTTTCATTTCAGA	1
MLH1	NG_007109.2	10	AGTGTAAGT	TTCTTCTGTTCTAGG	1
MLH1	NG_007109.2	10	GAGGTACTT	TCTCATACTTACAGA	1
MLH1	NG_007109.2	11	TAGGTAAGA	TTTCCCCCCTGCAGA	1
MLH1	NG_007109.2	11	CAGGTAAAG	TTCATTTGTTTTAGA	1
MLH1	NG_007109.2	11	AGAGTAGGT	TATTTTCATTTCAGA	1
MLH1	NG_007109.2	11	AGTGTAAGT	TTCTTCTGTTCTAGG	1
MLH1	NG_007109.2	11	GAGGTACTT	TCTCATACTTACAGA	1
MLH1	NG_007109.2	12	TAGGTAAGA	TTTCCCCCCTGCAGA	1
MLH1	NG_007109.2	12	CAGGTAAAG	TTCATTTGTTTTAGA	1
MLH1	NG_007109.2	12	AGAGTAGGT	TATTTTCATTTCAGA	1
MLH1	NG_007109.2	12	AGTGTAAGT	TTCTTCTGTTCTAGG	1
MLH1	NG_007109.2	12	GAGGTACTT	TCTCATACTTACAGA	1
MLH1	NG_007109.2	13	TAGGTAAGA	TTTCCCCCCTGCAGA	1
MLH1	NG_007109.2	13	CAGGTAAAG	TTCATTTGTTTTAGA	1
MLH1	NG_007109.2	13	AGAGTAGGT	TATTTTCATTTCAGA	1
MLH1	NG_007109.2	13	AGTGTAAGT	TTCTTCTGTTCTAGG	1
MLH1	NG_007109.2	13	GAGGTACTT	TCTCATACTTACAGA	1
MLH1	NG_007109.2	14	TAGGTAAGA	TTTCCCCCCTGCAGA	1
MLH1	NG_007109.2	14	CAGGTAAAG	TTCATTTGTTTTAGA	1
MLH1	NG_007109.2	14	AGAGTAGGT	TATTTTCATTTCAGA	1
MLH1	NG_007109.2	14	AGTGTAAGT	TTCTTCTGTTCTAGG	1
MLH1	NG_007109.2	14	GAGGTACTT	TCTCATACTTACAGA	1
MLH1	NG_007109.2	15	CAGGTAAAG	TTCATTTGTTTTAGA	1
MLH1	NG_007109.2	15	AGAGTAGGT	TATTTTCATTTCAGA	1
MLH1	NG_007109.2	15	AGTGTAAGT	TTCTTCTGTTCTAGG	1
MLH1	NG_007109.2	15	GAGGTACTT	TCTCATACTTACAGA	1
MLH1	NG_007109.2	16	CAGGTAAAG	TTCATTTGTTTTAGA	1
MLH1	NG_007109.2	16	AGAGTAGGT	TATTTTCATTTCAGA	1
MLH1	NG_007109.2	16	AGTGTAAGT	TTCTTCTGTTCTAGG	1
MLH1	NG_007109.2	16	GAGGTACTT	TCTCATACTTACAGA	1
MLH1	NG_007109.2	17	CAGGTAAAG	TTCATTTGTTTTAGA	1
MLH1	NG_007109.2	17	AGAGTAGGT	TATTTTCATTTCAGA	1
MLH1	NG_007109.2	17	AGTGTAAGT	TTCTTCTGTTCTAGG	1
MLH1	NG_007109.2	17	GAGGTACTT	TCTCATACTTACAGA	1
MLH1	NG_007109.2	18	CAGGTAAAG	TTCATTTGTTTTAGA	1
MLH1	NG_007109.2	18	AGAGTAGGT	TATTTTCATTTCAGA	1
MLH1	NG_007109.2	18	AGTGTAAGT	TTCTTCTGTTCTAGG	1
MLH1	NG_007109.2	18	GAGGTACTT	TCTCATACTTACAGA	1
MLH1	NG_007109.2	19	CAGGTAAAG	TTCATTTGTTTTAGA	1
MLH1	NG_007109.2	19	AGAGTAGGT	TATTTTCATTTCAGA	1
MLH1	NG_007109.2	19	AGTGTAAGT	TTCTTCTGTTCTAGG	1
MLH1	NG_007109.2	19	GAGGTACTT	TCTCATACTTACAGA	1
MSH2	NG_007110.2	0	CAGGTGAGG	TTTTTTTTTTTAAGG	1
MSH2	NG_007110.2	0	AAGGTAATT	TTATTTTTACTTAGG	1
MSH2	NG_007110.2	0	CAGGTAAGC	TTCTTTCAAAATAGA	1
MSH2	NG_007110.2	0	CAGGTACAT	ATTCTTAATTTTAGG	1
MSH2	NG_007110.2	0	CAGGTAAAA	TTTTTGTTTACTAGG	1
MSH2	NG_007110.2	0	GAGGTATGT	TTAATTTATTTCAGA	1
MSH2	NG_007110.2	0	AAGGTAACA	CTACTTTCTTTTAGG	1
MSH2	NG_007110.2	0	CAGGTATGC	TGTTCTGTTTGCAGG	1
MSH2	NG_007110.2	0	TTGGTAAGA	TCTTGATTATCAAGG	1
MSH2	NG_007110.2	0	CAGGTTTGC	ATTTCGATTTGCAGC	1
MSH2	NG_007110.2	0	CAGGTAAAC	TTATTTTTATACAGG	1
MSH2	NG_007110.2	0	CTGGTAAAA	AATTTGTTTTGTAGG	1
MSH2	NG_007110.2	0	CAGGTAAGT	ATTATGTGCTTCAGG	1
MSH2	NG_007110.2	0	AAGGTATGT	CAAATTTCTTATAGG	1
MSH2	NG_007110.2	0	GAGGTTTGT	CACATGTGTTTCAGC	1
MSH6	NG_007111.1	0	CAGGTAGCG	CCTTTTGGCAACAGT	1
MSH6	NG_007111.1	0	CAGGTAAGA	ACATTTCTTTCTAGG	1
MSH6	NG_007111.1	0	GAGGTGGGA	TCCTTGCCTGGCAGG	1
MSH6	NG_007111.1	0	TGGGTAAGA	CTCTCTTTTAACAGA	1
MSH6	NG_007111.1	0	CAGGTAACT	TCCCTCATTCACAGG	1
MSH6	NG_007111.1	0	CAGGTGAGT	TTTTTTTTTTTAAGG	1
MSH6	NG_007111.1	0	TAGGTAAGA	TTTTACTTTAACAGG	1
MSH6	NG_007111.1	0	ATGGTATGT	TTTTCTTTCTTAAGG	1
MSH6	NG_007111.1	0	TCGGTAACT	TTTTTAATTTTAAGG	1
PMS2	NG_008466.1	0	ATGGTAAAA	GCCCGGGTCCCCCCA	0
PMS2	NG_008466.1	1	GAGGTGAGC	ACTGATTTCTCTAGT	1
PMS2	NG_008466.1	1	TTGGTAAGT	TTTAAACTTTCTAGA	1
PMS2	NG_008466.1	1	TAAGTAAGT	ACACTCTCTTTCAGC	1
PMS2	NG_008466.1	1	GAGGTGATA	GTATTCTCTCACAGC	1
PMS2	NG_008466.1	1	AAGGTACAG	TGTTTTTTAAACAGG	1
PMS2	NG_008466.1	1	CAGGTAGTG	TTTTTTTTTTTCAGT	1
PMS2	NG_008466.1	1	TTAGTAAGT	TTAATGTTGAATAGC	1
PMS2	NG_008466.1	1	AAGGTATTT	TGTATTTTGTGCAGG	1
PMS2	NG_008466.1	1	CAGGTAAGT	CTTTTTTGCCTTAGA	1
PMS2	NG_008466.1	1	AAGGTAAGA	CCACGTTTGCTTAGG	1
PMS2	NG_008466.1	1	AAGGTAAAG	TTTTCTACCTGCAGT	1
PMS2	NG_008466.1	1	AGCGTGAGT	TTTGTGTTTTTCAGA	1
PMS2	NG_008466.1	1	ATGGTAAGT	TTGTATTCTTTTAGC	1
PMS2	NG_008466.1	1	TCGGTAAGT	TGTCTCACACTCAGG	1
CFTR	NG_016465.4	0	CAGGTGAGA	TCTCTTTATTTTAGC	1
CFTR	NG_016465.4	0	AAGGTATGT	TTATTCTTTTGCAGA	1
CFTR	NG_016465.4	0	GGGGTAAGG	TTCCCCTTTTGTAGG	1
CFTR	NG_016465.4	0	AAGGTAATA	CATTTTTCTTTTAGA	1
CFTR	NG_016465.4	0	GAAGTATGT	CTTTTATTTTCCAGG	1
CFTR	NG_016465.4	0	CAGGTAGCA	TGATTGATTTACAGA	1
CFTR	NG_016465.4	0	ACAGTAAGT	ATTGTTTTTTATAGA	1
CFTR	NG_016465.4	0	CAGGTAATG	TCTTTTATAAATAGG	1
CFTR	NG_016465.4	0	GAGGTCAGA	TGTTTTTTTAACAGG	1
CFTR	NG_016465.4	0	AAGGTAGTT	GGTTTTATTTCCAGA	1
CFTR	NG_016465.4	0	GAGGTAAGA	ATTTTTGGTAATAGG	1
CFTR	NG_016465.4	0	AAGGTGAAT	CATTTTCTTTTTAGA	1
CFTR	NG_016465.4	0	AAGGTATGT	TTTATATCTTAAAGC	1
CFTR	NG_016465.4	0	AAGGTAGGT	ATTCTTTTATTCAGG	1
CFTR	NG_016465.4	0	GAGGTAAGA	TTGTTCCATTCCAGG	1
CFTR	NG_016465.4	0	AAAGTGAGT	TATTTGCTTTACAGC	1
CFTR	NG_016465.4	0	CAGGTACTT	CTTGTATATTATAGG	1
CFTR	NG_016465.4	0	CAGGTATGT	CTTTGATCTTACAGT	1
CFTR	NG_016465.4	0	AAGGTATGA	GAAATATTTCACAGG	1
CFTR	NG_016465.4	0	CAGGTACTA	TTGTGCATCTATAGG	1
CFTR	NG_016465.4	0	TTGGTAAGT	TATTTTTATTTCAGA	1
CFTR	NG_016465.4	0	AGGGTGAGA	CTTTTACCTTATAGG	1
CFTR	NG_016465.4	0	CAGGTGAGC	CTTTTTTGCTATAGA	1
CFTR	NG_016465.4	0	GAGGTAAGG	TTCTCTAACTGCAGG	1
CFTR	NG_016465.4	0	AGTGTGAGT	TCTTTCTTTTCTAGA	1
CFTR	NG_016465.4	0	TTGGTGAGT	AGCCATTTCCCTAGG	1
PAH	NG_008690.2	0	CAGGTAGGT	CACTCCGGCAGCCCA	0
PAH	NG_008690.2	1	CAGGTGAGC	ATCTTATCCTGTAGG	1
PAH	NG_008690.2	1	GAGGTCAGT	ATTCTCTCTTCTAGG	1
PAH	NG_008690.2	1	CAGGTAAGA	TCTCTGTGTTTCAGT	1
PAH	NG_008690.2	1	CCTGTGAGT	CTCTTTTCTCCTAGG	1
PAH	NG_008690.2	1	CCAGTAAGT	TGCCTGTATTCTAGT	1
PAH	NG_008690.2	1	AGAGTAAGT	TCTTTTCATCCCAGC	1
PAH	NG_008690.2	1	ACCGTGAGT	TTTCTGTCTTTCAGT	1
PAH	NG_008690.2	1	CAGGTAAGG	TCCCCCAATTACAGG	1
PAH	NG_008690.2	1	ACAGTAAGT	ACTTTCCATTCCAGA	1
PAH	NG_008690.2	1	CAGGTATGA	CTTGGGGCCTACAGT	1
PAH	NG_008690.2	1	AAGGTGAGG	GGTTTTGGTCTTAGG	1
PAH	NG_008690.2	1	ACAGTAAGT	GTTTTTCTTTGTAGG	1
APC	NG_016323.1	0	CCTGTGAGT	GAAGTCCTCCTCAGA	1
APC	NG_016323.1	0	TTGGTAAGG	CCCTCCAAAACCAGA	1
APC	NG_016323.1	0	ACAGTAAGG	CGCTCTCTCCGCAGC	1
APC	NG_016323.1	0	TCGGTGAGT	GCCTTGTGTCGCAGA	1
APC	NG_016323.1	0	GCGGTGAGG	TCCCCTGCCCGCAGA	1
APC	NG_016323.1	0	CAGGTGAGA	TCTGCCTACCTCAGT	1
APC	NG_016323.1	0	CAGGTGGGA	CCACCCCATTCCAGG	1
APC	NG_016323.1	0	TTGGTATGG	CCTCTGCCCTGCAGG	1
ATM	NG_054724.1	0	TTGGTAGGT	TCATTTTCTTTTAGG	1
ATM	NG_054724.1	0	CTTGTGAGT	GTTTGAACCTTTAGA	1
ATM	NG_054724.1	0	GAGGTAAGG	ATATTTTCTTATAGG	1
ATM	NG_054724.1	0	GGAGTAAGT	TTTTCCTTCTACAGG	1
ATM	NG_054724.1	0	ACAGTAAGA	TTGTTTCTCAATAGT	1
ATM	NG_054724.1	0	AATGTAAGT	TTTTGCCTATTTAGG	1
ATM	NG_054724.1	0	TGAGTAAGT	TATAATGTGCTTAGG	1
ATM	NG_054724.1	0	AAGGTAGGT	TCACTTCTCTTTAGG	1
ATM	NG_054724.1	1	AAGGTAATG	TCATTTTTCTTTAGA	1
ATM	NG_054724.1	1	CAGGTAAAT	CTTGTGACAAACAGA	1
ATM	NG_054724.1	1	TAGGTAAAT	TTCCATGTTTTCAGG	1
ATM	NG_054724.1	1	CAGGTACAT	ATCTTTTCTTATAGA	1
ATM	NG_054724.1	1	CAGGTAAGA	TAACTCCTGTTTAGG	1
ATM	NG_054724.1	1	CAGGTATTA	GACTTATCTCACAGC	1
ATM	NG_054724.1	1	AAGGTATGT	TTTTTTGCTACTAGA	1
ATM	NG_054724.1	1	CAGGTAAAT	GTCGTGGCATTCAGA	1
ATM	NG_054724.1	1	GCGGTTTGT	CATTTTCATTTCAGC	1
ATM	NG_054724.1	1	AAGGTAAGA	CCTTTCTTATACAGA	1
ATM	NG_054724.1	1	CAGGTAACT	GTGTTTTCTTGAAGG	1
ATM	NG_054724.1	1	AAGGCAAGT	TTATTCTATGCAAGA	0
ATM	NG_054724.1	1	AATGTAAGT	TTTTTTAATGGTAGA	1
ATM	NG_054724.1	1	GAGGTATTT	TTCTTTTCTTACAGC	1
ATM	NG_054724.1	1	GAAGTATGT	TTTTTTATTAATAGG	1
ATM	NG_054724.1	1	AAGGTAATT	ATTTTTAAATACAGA	1
ATM	NG_054724.1	1	AAGGTGAGC	TATACTTTTATTAGG	1
ATM	NG_054724.1	1	AAGGTAACT	TAATTATTCTGAAGG	1
ATM	NG_054724.1	1	ATGGTGAGT	ATCTGTAACTCCAGG	1
ATM	NG_054724.1	1	TTGGTAATC	TTCTCTATTTAAAGG	1
ATM	NG_054724.1	1	TAGGTAAGT	TCTTTTTTCTCCAGT	1
ATM	NG_054724.1	1	AAGGTAAGT	ATTCTTTACTTTAGG	1
ATM	NG_054724.1	1	GAGGTAAAG	GTGTTTGACTCTAGA	1
ATM	NG_054724.1	1	CAGGTGAGC	TTCTCTCTGTTTAGG	1
ATM	NG_054724.1	2	AAGGTAATG	TCATTTTTCTTTAGA	1
ATM	NG_054724.1	2	CAGGTAAAT	CTTGTGACAAACAGA	1
ATM	NG_054724.1	2	TAGGTAAAT	TTCCATGTTTTCAGG	1
ATM	NG_054724.1	2	CAGGTACAT	ATCTTTTCTTATAGA	1
ATM	NG_054724.1	2	CAGGTAAGA	TAACTCCTGTTTAGG	1
ATM	NG_054724.1	2	CAGGTATTA	GACTTATCTCACAGC	1
ATM	NG_054724.1	2	AAGGTATGT	TTTTTTGCTACTAGA	1
ATM	NG_054724.1	2	CAGGTAAAT	GTCGTGGCATTCAGA	1
ATM	NG_054724.1	2	GCGGTTTGT	CATTTTCATTTCAGC	1
ATM	NG_054724.1	2	AAGGTAAGA	CCTTTCTTATACAGA	1
ATM	NG_054724.1	2	CAGGTAACT	GTGTTTTCTTGAAGG	1
ATM	NG_054724.1	2	AAGGCAAGT	TTATTCTATGCAAGA	0
ATM	NG_054724.1	2	AATGTAAGT	TTTTTTAATGGTAGA	1
ATM	NG_054724.1	2	GAGGTATTT	TTCTTTTCTTACAGC	1
ATM	NG_054724.1	2	GAAGTATGT	TTTTTTATTAATAGG	1
ATM	NG_054724.1	2	AAGGTAATT	ATTTTTAAATACAGA	1
ATM	NG_054724.1	2	AAGGTGAGC	TATACTTTTATTAGG	1
ATM	NG_054724.1	2	AAGGTAACT	TAATTATTCTGAAGG	1
ATM	NG_054724.1	2	ATGGTGAGT	ATCTGTAACTCCAGG	1
ATM	NG_054724.1	2	TTGGTAATC	TTCTCTATTTAAAGG	1
ATM	NG_054724.1	2	TAGGTAAGT	TCTTTTTTCTCCAGT	1
ATM	NG_054724.1	2	AAGGTAAGT	ATTCTTTACTTTAGG	1
ATM	NG_054724.1	2	GAGGTAAAG	GTGTTTGACTCTAGA	1
ATM	NG_054724.1	2	CAGGTGAGC	TTCTCTCTGTTTAGG	1
RB1	NG_009009.1	0	CAGGTGAGC	TTTTCATTTGGTAGG	1
RB1	NG_009009.1	0	TTGGTAAGG	TTTTTTGTTCCCAGG	1
RB1	NG_009009.1	0	CAGGTAAAG	TCTTTCCTTTGTAGT	1
RB1	NG_009009.1	0	AAGGTAAAG	GTTTTTCTTTTCAGG	1
RB1	NG_009009.1	0	TTCGTAAGT	TATTTGTTTAATAGG	1
RB1	NG_009009.1	0	AAGGTAAGT	CATTTTTTTTTCAGG	1
RB1	NG_009009.1	0	ATAGTAAGT	TACCACTTTTACAGA	1
RB1	NG_009009.1	0	GAGGTAATT	TTCATCTTTTTCAGG	1
RB1	NG_009009.1	0	GAGGTAATC	TTTTTTCTTTCAAGG	1
RB1	NG_009009.1	0	CAGGTATTG	TTATTGTTATTTAGT	1
RB1	NG_009009.1	0	TAGGTATGA	TTTATCCCCTCTAGG	1
RB1	NG_009009.1	0	AACGTAAGC	TTTACCTCCTAAAGA	1
RB1	NG_009009.1	0	CAGGTAACT	TTGTTTGTTTGTAGC	1
RB1	NG_009009.1	0	TCAGTAAGT	ATTATCTGTTTCAGG	1
RB1	NG_009009.1	0	TAGGTAAAT	TTTTTTTCCTTTAGC	1
RB1	NG_009009.1	0	GCAGTAAGT	TTTTTCATTTTTAGG	1
RB1	NG_009009.1	0	TCAGTAAGT	CATGTTTCATATAGG	1
RB1	NG_009009.1	0	TATGTAAGC	TTAAATATATCTAGG	1
RB1	NG_009009.1	0	AAGGTTAGT	TCTTATTCCCACAGT	1
RB1	NG_009009.1	0	CAAGTAAGA	AATTTATTTACTAGA	1
RB1	NG_009009.1	0	GAGGTAGGT	CTGTTCTTCCTCAGA	1
RB1	NG_009009.1	0	AGGGTAGGT	TGTTTTTGCTCTAGC	1
RB1	NG_009009.1	0	AAGGTGTGT	TCTTAACTTGACAGA	1
RB1	NG_009009.1	0	GGGGTGAGT	TCTGTAATTTGTAGA	1
RB1	NG_009009.1	0	AAGGTAGGA	TTTTTAATCTGCAGT	1
RB1	NG_009009.1	0	TGAGTAAGT	CATCCTTTTTCCAGC	1
RB1	NG_009009.1	1	CCGGTAAGT	TAGCTGAACACATGG	0
RB1	NG_009009.1	1	GAAGTAAGT	CTATACCTAAATAGA	1
RB1	NG_009009.1	1	CAGGTAATT	TGTTTTTTTTTTAGA	1
RB1	NG_009009.1	1	TGTGTGAGT	CCCCTCTGCTGCAGG	1
RB1	NG_009009.1	1	CGTGTAAGG	CACTGGTGTTTCAGG	1
RB1	NG_009009.1	1	GTGGTAAGA	TCCTGTTCAAACAGT	1
RB1	NG_009009.1	2	ACCGTGAGC	CCTCAGGACTCACCA	0
RB1	NG_009009.1	2	CAGGTAATT	TGTTTTTTTTTTAGA	1
RB1	NG_009009.1	2	TGTGTGAGT	CCCCTCTGCTGCAGG	1
RB1	NG_009009.1	2	GTGGTAAGA	TCCTGTTCAAACAGT	1
RB1	NG_009009.1	3	CAGGTATTT	CCTCAGGACTCACCA	0
RB1	NG_009009.1	3	CAGGTAATT	TGTTTTTTTTTTAGA	1
RB1	NG_009009.1	3	TGTGTGAGT	CCCCTCTGCTGCAGG	1
RB1	NG_009009.1	3	GTGGTAAGA	TCCTGTTCAAACAGT	1
RB1	NG_009009.1	4	GGGGTAAGG	CCTCAGGACTCACCA	0
RB1	NG_009009.1	4	CAGGTAATT	TGTTTTTTTTTTAGA	1
RB1	NG_009009.1	4	TGTGTGAGT	CCCCTCTGCTGCAGG	1
RB1	NG_009009.1	4	GTGGTAAGA	TCCTGTTCAAACAGT	1
NF1	NG_009018.1	0	CAGGTAACC	TCTTTTTTTTTCAGC	1
NF1	NG_009018.1	0	ATGGTGAGT	ATCTTTTCTGTTAGA	1
NF1	NG_009018.1	0	GGGGTAAGT	TATTTCTATTTTAGC	1
NF1	NG_009018.1	0	CAGGTTAGT	TTTTTACTTTTTAGG	1
NF1	NG_009018.1	0	AGGGTAAGT	TGTGTTTTTTCCAGA	1
NF1	NG_009018.1	0	AAGGTAAGT	TTCTTTATTTATAGG	1
NF1	NG_009018.1	0	CTGGTAAGG	TATTTTTCATGCAGA	1
NF1	NG_009018.1	0	AAGGTAAGG	TTTGAATTCTGTAGA	1
NF1	NG_009018.1	0	AAGGTAACA	TGGGGTTTTTATAGA	1
NF1	NG_009018.1	0	AAGGTGAGA	TTCTTTTTCTATAGA	1
NF1	NG_009018.1	0	AATGTAAGT	TTGTTTTTCTCTAGT	1
NF1	NG_009018.1	0	CCGGTAAGA	TGTTTTGTTTTTAGA	1
NF1	NG_009018.1	0	TGTGTAAGT	TTTTTTCCTTGCAGA	1
NF1	NG_009018.1	0	GAGGTAAGG	TTTAAAAAATTCAGG	1
NF1	NG_009018.1	0	TAGGTATAT	TTATGTTACTGCAGC	1
NF1	NG_009018.1	0	AAGGTAAGC	TTATTTTTTTCTAGC	1
NF1	NG_009018.1	0	ATGGTCAGC	CCCTTGACTCTCAGG	1
NF1	NG_009018.1	0	CAGGTAAAT	TTGTATTTGCTTAGG	1
NF1	NG_009018.1	0	GAGGTATGC	TGCCTTCATTTTAGG	1
NF1	NG_009018.1	0	CAGGTAAGT	AATTTTGTGTTTAGG	1
NF1	NG_009018.1	0	CAGGTAAAG	TGTTCTTTCTTTAGG	1
NF1	NG_009018.1	0	CAGGTAAGC	CTATGTCTATATAGG	1
NF1	NG_009018.1	0	TAGGTGAGT	CCACCATTCTATAGG	1
NF1	NG_009018.1	0	AAGGTAAAA	TTTTTTTTTTTCAGA	1
NF1	NG_009018.1	0	TAAGTAAAT	TTTTTATTTCTCAGA	1
NF1	NG_009018.1	0	TAGGTGAGA	TTTGTCCACATTAGG	1
NF1	NG_009018.1	0	TGGGTAAGT	TGTTTTGTTCTCAGG	1
NF1	NG_009018.1	0	AAGGTTTGT	GTGCATTTCTGTAGG	1
NF1	NG_009018.1	0	CAGGTTTGT	TTATTTTTTTGTAGG	1
NF1	NG_009018.1	0	CAGGTATGC	TCTCTGTTCTGTAGG	1
NF1	NG_009018.1	0	TCAGTAAGT	CTCCTTGTTTTTAGG	1
NF1	NG_009018.1	0	AAGGTGAAT	GTTTTATTGTGTAGA	1
NF1	NG_009018.1	0	CAGGTAATT	TTGCATTTTTGAAGG	1
NF1	NG_009018.1	0	CAGGTAAGA	TTTGCTGTATCTAGG	1
NF1	NG_009018.1	0	TAGGTAAAG	TATTTTTCTTTTAGG	1
NF1	NG_009018.1	0	GAGGTAAGA	GTCATTTTCCTTAGG	1
NF1	NG_009018.1	0	AAAGTAAGT	CCACCACTTTCCAGG	1
NF1	NG_009018.1	0	ACGGTAGGT	GTGTTTTCTCCTAGG	1
NF1	NG_009018.1	0	CTAGTAAGT	GTATTTTTTTCCAGG	1
NF1	NG_009018.1	0	CAGGTATTG	CCTTCTTCAACTAGA	1
NF1	NG_009018.1	0	AAGGTAATC	CTGCTTCTTTACAGG	1
NF1	NG_009018.1	0	GTGGTAAGT	TTATTCTCTTACAGA	1
NF1	NG_009018.1	0	GAGGTATAG	ATCCCCTTTTTTAGG	1
NF1	NG_009018.1	0	AAGGTATGT	TCTTTTAATTGCAGA	1
NF1	NG_009018.1	0	AAGGTACCT	TGTTTTCCTAAAAGG	1
NF1	NG_009018.1	0	AAGGTAATT	ATCTTCTTTGCCAGG	1
NF1	NG_009018.1	0	AAGGTAAGC	ATTATCTTTAATAGA	1
NF1	NG_009018.1	0	AAGGTAAAA	TTTGTTTTTTGTAGG	1
NF1	NG_009018.1	0	CAGGTAAAA	CGTTTTCCTTTTAGC	1
NF1	NG_009018.1	0	TAGGTAAGT	TTTTCATCTTTCAGG	1
NF1	NG_009018.1	0	TTGGTTAGT	ACTTTTGTTTATAGG	1
NF1	NG_009018.1	0	TGGGTGAGA	CTATCTTGCTGCAGA	1
NF1	NG_009018.1	0	CTAGTAAGG	TTGCATCTTGGCAGG	1
NF1	NG_009018.1	0	TGTGTAAGT	TTTTTTTCTTTTAGG	1
NF1	NG_009018.1	0	AAAGTAAAT	TTGATTTGTTGCAGG	1
NF1	NG_009018.1	0	AAGGTAAGA	ATTTTCCATTACAGC	1
NF1	NG_009018.1	0	CAGGTCAGT	CTCTTTTTCTCCAGG	1
NF1	NG_009018.1	1	CAGGTAACC	TCTTTTTTTTTCAGC	1
NF1	NG_009018.1	1	ATGGTGAGT	ATCTTTTCTGTTAGA	1
NF1	NG_009018.1	1	GGGGTAAGT	TATTTCTATTTTAGC	1
NF1	NG_009018.1	1	CAGGTTAGT	TTTTTACTTTTTAGG	1
NF1	NG_009018.1	1	AGGGTAAGT	TGTGTTTTTTCCAGA	1
NF1	NG_009018.1	1	AAGGTAAGT	TTCTTTATTTATAGG	1
NF1	NG_009018.1	1	CTGGTAAGG	TATTTTTCATGCAGA	1
NF1	NG_009018.1	1	AAGGTAAGG	TTTGAATTCTGTAGA	1
NF1	NG_009018.1	1	AAGGTAACA	TGGGGTTTTTATAGA	1
NF1	NG_009018.1	1	AAGGTGAGA	TTCTTTTTCTATAGA	1
NF1	NG_009018.1	1	AATGTAAGT	TTGTTTTTCTCTAGT	1
NF1	NG_009018.1	1	CCGGTAAGA	TGTTTTGTTTTTAGA	1
NF1	NG_009018.1	1	TGTGTAAGT	TTTTTTCCTTGCAGA	1
NF1	NG_009018.1	1	GAGGTAAGG	TTTAAAAAATTCAGG	1
NF1	NG_009018.1	1	TAGGTATAT	TTATGTTACTGCAGC	1
NF1	NG_009018.1	1	AAGGTAAGC	TTATTTTTTTCTAGC	1
NF1	NG_009018.1	1	ATGGTCAGC	CCCTTGACTCTCAGG	1
NF1	NG_009018.1	1	CAGGTAAAT	TTGTATTTGCTTAGG	1
NF1	NG_009018.1	1	GAGGTATGC	TGCCTTCATTTTAGG	1
NF1	NG_009018.1	1	CAGGTAAGT	AATTTTGTGTTTAGG	1
NF1	NG_009018.1	1	CAGGTAAAG	TGTTCTTTCTTTAGG	1
NF1	NG_009018.1	1	CAGGTAAGC	CTATGTCTATATAGG	1
NF1	NG_009018.1	1	TAGGTGAGT	CCACCATTCTATAGG	1
NF1	NG_009018.1	1	AAGGTAAAA	TTTTTTTTTTTCAGA	1
NF1	NG_009018.1	1	TAAGTAAAT	TTTTTATTTCTCAGA	1
NF1	NG_009018.1	1	TAGGTGAGA	TTTGTCCACATTAGG	1
NF1	NG_009018.1	1	TGGGTAAGT	TGTTTTGTTCTCAGG	1
NF1	NG_009018.1	1	AAGGTTTGT	GTGCATTTCTGTAGG	1
NF1	NG_009018.1	1	CAGGTTTGT	TTATTTTTTTGTAGG	1
NF1	NG_009018.1	1	CAGGTATGC	CTCCTTGTTTTTAGG	1
NF1	NG_009018.1	1	AAGGTGAAT	GTTTTATTGTGTAGA	1
NF1	NG_009018.1	1	CAGGTAATT	TTGCATTTTTGAAGG	1
NF1	NG_009018.1	1	CAGGTAAGA	TTTGCTGTATCTAGG	1
NF1	NG_009018.1	1	TAGGTAAAG	TATTTTTCTTTTAGG	1
NF1	NG_009018.1	1	GAGGTAAGA	GTCATTTTCCTTAGG	1
NF1	NG_009018.1	1	AAAGTAAGT	CCACCACTTTCCAGG	1
NF1	NG_009018.1	1	ACGGTAGGT	GTGTTTTCTCCTAGG	1
NF1	NG_009018.1	1	CTAGTAAGT	GTATTTTTTTCCAGG	1
NF1	NG_009018.1	1	CAGGTATTG	CCTTCTTCAACTAGA	1
NF1	NG_009018.1	1	AAGGTAATC	CTGCTTCTTTACAGG	1
NF1	NG_009018.1	1	GTGGTAAGT	TTATTCTCTTACAGA	1
NF1	NG_009018.1	1	GAGGTATAG	ATCCCCTTTTTTAGG	1
NF1	NG_009018.1	1	AAGGTATGT	TCTTTTAATTGCAGA	1
NF1	NG_009018.1	1	AAGGTACCT	TGTTTTCCTAAAAGG	1
NF1	NG_009018.1	1	AAGGTAATT	ATCTTCTTTGCCAGG	1
NF1	NG_009018.1	1	AAGGTAAGC	ATTATCTTTAATAGA	1
NF1	NG_009018.1	1	AAGGTAAAA	TTTGTTTTTTGTAGG	1
NF1	NG_009018.1	1	CAGGTAAAA	CGTTTTCCTTTTAGC	1
NF1	NG_009018.1	1	TAGGTAAGT	TTTTCATCTTTCAGG	1
NF1	NG_009018.1	1	TTGGTTAGT	ACTTTTGTTTATAGG	1
NF1	NG_009018.1	1	TGGGTGAGA	CTATCTTGCTGCAGA	1
NF1	NG_009018.1	1	CTAGTAAGG	TTGCATCTTGGCAGG	1
NF1	NG_009018.1	1	TGTGTAAGT	TTTTTTTCTTTTAGG	1
NF1	NG_009018.1	1	AAAGTAAAT	TTGATTTGTTGCAGG	1
NF1	NG_009018.1	1	AAGGTAAGA	ATTTTCCATTACAGC	1
NF1	NG_009018.1	1	CAGGTCAGT	CTCTTTTTCTCCAGG	1
NF1	NG_009018.1	2	ACGGTAAGA	CACAGCCCACAGCCA	0
NF1	NG_009018.1	3	GAGGTAAGA	GAACCACCCATTTTC	0
NF1	NG_009018.1	4	AAGGTAGGT	TAGCTGCACATATCC	0
NF1	NG_009018.1	5	AAGGTAGGT	TAGCTGCACATATCC	0
NF1	NG_009018.1	5	TAGGTAAGA	CTGTATTTTAATAGT	1
LDLR	NG_009060.1	0	CAGGTAAGG	TTCCTCTCTCTCAGT	1
LDLR	NG_009060.1	0	GCTGTGAGT	TGTCTCTTCTGTAGT	1
LDLR	NG_009060.1	0	GTCGTAAGT	ATCCATCCCTGCAGC	1
LDLR	NG_009060.1	0	GCGGTATGG	GTCCTGTTTTCCAGC	1
LDLR	NG_009060.1	0	ATGGTGAGC	TCTGGCTCTCACAGT	1
LDLR	NG_009060.1	0	GCGGTGAGT	CTGGCCCTGCGCAGG	1
LDLR	NG_009060.1	0	AAGGTGATT	TCTCTCTCTTCCAGA	1
LDLR	NG_009060.1	0	TGGGTGAGC	CCCCGGACCCCCAGG	1
LDLR	NG_009060.1	0	CAGGTGAGC	TCCTCCTGCCTCAGC	1
LDLR	NG_009060.1	0	TGGGTGCGT	TGTCCTCCCACCAGC	1
LDLR	NG_009060.1	0	TAGGTATGT	ACTTGTGTGTCTAGA	1
LDLR	NG_009060.1	0	GAGGTGTGG	TGCTGCCTGTTTAGG	1
LDLR	NG_009060.1	0	GAGGTAAGG	TTCTTCTGCCCCAGG	1
LDLR	NG_009060.1	0	CAGGTGTGG	ATTTATTCTTTCAGA	1
LDLR	NG_009060.1	0	AAGGTAAAG	CTTCTCTCCTGCAGC	1
LDLR	NG_009060.1	0	TCGGTAAGC	GCCTCTCCCTACAGT	1
LDLR	NG_009060.1	0	TCGGTGAGT	CCATTTGTTGGCAGA	1
HBB	NG_059281.1	0	CAGGTTGGT	TTTCCCACCCTTAGG	1
HBB	NG_059281.1	0	AGGGTGAGT	TCTTCCTCCCACAGC	1
SCN1A	NG_011906.1	0	AAAGTGAGT	TTCCTGTCTTACAGA	1
SCN1A	NG_011906.1	0	TTCATATCC	TAACAATAACCTACA	0
SCN1A	NG_011906.1	0	AGAGTAAGT	ATGCTTGTTTTCAGA	1
SCN1A	NG_011906.1	0	TGCGTAAGT	ACTCCCTATTACAGG	1
SCN1A	NG_011906.1	0	CAGGTGAGA	CTTCTTTCTTTCAGG	1
SCN1A	NG_011906.1	0	CAAGTAAGA	CTTTTTTCAAACAGG	1
SCN1A	NG_011906.1	0	AGGGTAAGT	TACCCCACTTGCAGC	1
SCN1A	NG_011906.1	0	CTGGTGAGA	ATTTTTGTTTGCAGA	1
SCN1A	NG_011906.1	0	CAGGTAAAG	TCTCTTCAATATAGC	1
SCN1A	NG_011906.1	0	CAGGTATGG	TTTCAAACTTCTAGT	1
SCN1A	NG_011906.1	0	GAGGTGATA	ATTTTTTTTTACAGG	1
SCN1A	NG_011906.1	0	AAGGTTGGT	TTTTCTTAATCTAGA	1
SCN1A	NG_011906.1	0	TTGGTAAGC	TGTTTTGATCTTAGG	1
SCN1A	NG_011906.1	0	TTGGTAAAA	CTTTCATTTTCCAGC	1
SCN1A	NG_011906.1	0	GTGGTATGT	TTGTTGTTTTTAAGG	1
SCN1A	NG_011906.1	0	GAGGTAAGA	CATCTCACTTACAGA	1
SCN1A	NG_011906.1	0	AAGGTAAAG	AACACTTTCTGCAGG	1
SCN1A	NG_011906.1	0	CTGGTGAGT	CATTTTCTTTATAGG	1
SCN1A	NG_011906.1	0	GATGTAGGT	TTTTGTGTGTGCAGG	1
SCN1A	NG_011906.1	0	AGGGTAAGA	CATTTGTGTATTAGG	1
SCN1A	NG_011906.1	0	GTTGTAAGT	GTCCTTCTTAATAGG	1
SCN1A	NG_011906.1	0	AATGTAAGT	TTCCCCTTTGGTAGG	1
SCN1A	NG_011906.1	0	AAGATAAGT	TTTCTTTTCTATACT	0
SCN1A	NG_011906.1	0	GGAGTAAGA	CTATTTCTCTACAGA	1
SCN1A	NG_011906.1	0	TAGGTAAGA	TTGTTTATTCATAGG	1
MECP2	NG_007107.3	0	ACTGTGAGT	TTTCTTTGTTTTAGG	1
MECP2	NG_007107.3	0	CAGGTAAGT	GTTTAACACTTCAGG	1
MECP2	NG_007107.3	0	CAAGTAAGT	GTTTGTCCCCACAGT	1
MECP2	NG_007107.3	1	ACTGTGAGT	GTTTAACACTTCAGG	1
MECP2	NG_007107.3	1	CAAGTAAGT	GTTTGTCCCCACAGT	1
CHEK2	NG_008150.2	0	CTGGTACGA	ATCAGCAACATTAGT	1
CHEK2	NG_008150.2	0	CAGGTAGCT	CAATTTCCTTCCAGC	1
CHEK2	NG_008150.2	0	AAGGTGATT	ATCTCCACTAACAGA	1
CHEK2	NG_008150.2	1	CTGGTACGA	ACATTAGTCTGGTTA	0
CHEK2	NG_008150.2	1	CAGGTAGCT	CAATTTCCTTCCAGC	1
CHEK2	NG_008150.2	1	CTTGTAAGG	ATCTCCACTAACAGA	1
CHEK2	NG_008150.2	2	AGGGTGAGT	AACTTGAGGAAAGGG	0
CHEK2	NG_008150.2	2	CAGGTAGCT	CAATTTCCTTCCAGC	1
CHEK2	NG_008150.2	2	AAGGTGATT	ATCTCCACTAACAGA	1
CHEK2	NG_008150.2	3	CTGGTACGA	ACATTAGTCTGGTTA	0
CHEK2	NG_008150.2	3	CAGGTAGCT	CAATTTCCTTCCAGC	1
CHEK2	NG_008150.2	4	CTGGTACGA	ACATTAGTCTGGTTA	0
CHEK2	NG_008150.2	4	CAGGTAGCT	CAATTTCCTTCCAGC	1
CHEK2	NG_008150.2	5	GCGGTGAGT	ACTTTCTTTTTGAGG	1
CHEK2	NG_008150.2	5	TTGGTAAGA	CTTTTATATTACAGA	1
CHEK2	NG_008150.2	5	AGGGTAGGT	GTTCTCTATTTTAGG	1
CHEK2	NG_008150.2	5	AAGGTAATA	CTTTTCTTCCTTAGT	1
CHEK2	NG_008150.2	5	AAGGTAAAT	GTTTTTCCCTCTAGT	1
CHEK2	NG_008150.2	5	GCAGTAAGT	TCTGTTTATCAAAGG	1
CHEK2	NG_008150.2	5	CATGTAAGT	CCCCCTCTTCTTAGC	1
CHEK2	NG_008150.2	5	ATTGTAAGT	CCTTTGTGTTTCAGG	1
CHEK2	NG_008150.2	5	CAGGTAAAA	GCCTTTCTGTGTAGT	1
CHEK2	NG_008150.2	5	AAGGTAAGA	GTACTGAATTTTAGA	1
CHEK2	NG_008150.2	5	CTGGTAAGA	CTACCAATATTAAGC	1
CHEK2	NG_008150.2	5	AAGGTATGA	AATTGTTGCTTTAGC	1
CHEK2	NG_008150.2	5	CAGGTGGGT	TAATTCCCTCACAGG	1
CHEK2	NG_008150.2	5	CAGGTATTC	TCCTTTATTTTCAGC	1
PALB2	NG_007406.1	0	ACGGTGCGC	GTGGAGGAGCGGCCG	0
PALB2	NG_007406.1	1	ACGGTGCGC	GTGGAGGAGCGGCCG	0
PALB2	NG_007406.1	2	ACGGTGCGC	GTGGAGGAGCGGCCG	0
PALB2	NG_007406.1	3	AAGGTGCCG	TTTTCTTCTTCCAGT	1
PALB2	NG_007406.1	3	CAGGTAAGT	TTTGTCTCCTCTAGC	1
PALB2	NG_007406.1	3	CAGGTAAAT	TTTTTCCTCCTCAGA	1
PALB2	NG_007406.1	3	AAGGTAAAT	TTTTTCTTCTTTAGG	1
PALB2	NG_007406.1	3	CAGGTACAA	TTTTGTTTTCACAGA	1
PALB2	NG_007406.1	3	AAGGTCAGA	TGCCATTGTGTCAGA	1
PALB2	NG_007406.1	3	GAGGTAAGT	TTTGTTTTATTTAGG	1
PALB2	NG_007406.1	3	CAGGTATGT	TATATTTGGCTTAGG	1
PALB2	NG_007406.1	3	AGGGTAAGA	TGTTTTAATTACAGA	1
PALB2	NG_007406.1	3	TTGGTAAGC	TTTTGTTATCTAAGG	1
PALB2	NG_007406.1	3	ATGGTAAGT	TTCTCCGAAATTAGG	1
PALB2	NG_007406.1	3	CAGGCAAGT	TTGTATGCTATCAGG	0
MUTYH	NG_008189.1	0	ACGGTGAGC	AGACCCCGCCCCATC	0
MUTYH	NG_008189.1	0	ACGGTGAGA	CTCCTAACCCCCAGG	1
MUTYH	NG_008189.1	0	CCAGTAAGT	TTACCTACCCACAGG	1
MUTYH	NG_008189.1	0	AAGGTATGA	TACCCAACCCCAAGG	1
MUTYH	NG_008189.1	0	AAGGTAGGC	TCTCTTTCTCCCAGG	1
MUTYH	NG_008189.1	0	ATGGTGAGG	TTACTTTCATCTAGG	1
MUTYH	NG_008189.1	0	TCGGTGAGA	TTGCGCTGTTGCAGT	1
MUTYH	NG_008189.1	1	TGGGTACGC	TCTTTTTGTTTCAGG	1
MUTYH	NG_008189.1	1	ATGGTAAGG	ACCCTGATGCACAGC	1
MUTYH	NG_008189.1	1	CGGGTAGGC	GGTTGCATTGACAGG	1
MUTYH	NG_008189.1	1	CTGGTCAGT	CCCCTTTCCCCCAGT	1
MUTYH	NG_008189.1	1	CAGGTGACT	GCCTGTGGCTATAGA	1
MUTYH	NG_008189.1	1	GAGGTGAGA	GATCCTACCCACAGG	1
MUTYH	NG_008189.1	1	AAGGTAAGG	TGCACTCCAATCAGG	1
MUTYH	NG_008189.1	1	CAGGTGATC	CCCCTCTGTGCCAGG	1
MUTYH	NG_008189.1	1	CTGGTAGGA	TTCCCTTCTTTTAGG	1
MUTYH	NG_008189.1	1	AGAGTAAGC	CCTGTGCCTCTCAGG	1
MUTYH	NG_008189.1	1	GTGGTGAGC	ATCTCCGTTCCCAGC	1
MUTYH	NG_008189.1	1	CAGGTACCT	GCCCTCCCTCTCAGG	1
MUTYH	NG_008189.1	1	GAGGTAAGT	GACCCTTCCTCCAGG	1
MUTYH	NG_008189.1	1	AAGGCACTA	GTCTTCTTGTCTAGG	0
MUTYH	NG_008189.1	1	ATGGTAAGT	CCATTTTTTCACAGG	1
GJB2	NG_008358.1	0	CAGGTGAGC	TTCGTCTTTTCCAGA	1
F8	NG_011403.2	0	AAGGTAAAG	CTTTCTTCACGCAGA	1
F8	NG_011403.2	0	TGGGTAATG	TCTCATTCTTACAGG	1
F8	NG_011403.2	0	AGGGTGAGT	TCTTCCTGCTATAGG	1
F8	NG_011403.2	0	AAGGTAAGT	CACTTCTTTTTCAGG	1
F8	NG_011403.2	0	AAGGTTAGT	TTCTCTCTCATCAGG	1
F8	NG_011403.2	0	CAGGTATGT	TTCCTACTTTACAGG	1
F8	NG_011403.2	0	ATGGTAATA	TTGTCTGACTCCAGA	1
F8	NG_011403.2	0	CAGGTAAGC	TTTCTCTTATACAGA	1
F8	NG_011403.2	0	TTGGTAAGT	GCTTATACTTTCAGA	1
F8	NG_011403.2	0	AAGGTAAAT	TTGCTTGTGGGTAGG	1
F8	NG_011403.2	0	CAGGTGAGT	TATGTAATTAACAGA	1
F8	NG_011403.2	0	ACAGTGAGT	CATTGTTTTTGCAGG	1
F8	NG_011403.2	0	CAGGTTAGT	TTCCTCATCTCCAGG	1
F8	NG_011403.2	0	CAGGTATGA	CTTTTTTTCTCCAGG	1
F8	NG_011403.2	0	ATGGTGAGT	TTATTGTTCTACAGG	1
F8	NG_011403.2	0	CTGGTAAGC	TCTTCCCTCCCTAGG	1
F8	NG_011403.2	0	ATGGTAATA	GTGTCCTTCTCCAGC	1
F8	NG_011403.2	0	CAGGTATGA	TTGGTTTTTATAAGG	1
F8	NG_011403.2	0	ATAGTGAGT	CCGTTTCATTTCAGA	1
F8	NG_011403.2	0	ATGGTAAAT	TTACTTGGGCAAAGG	1
F8	NG_011403.2	0	AAGGTTAGA	ATTTTAATTGGTAGG	1
F8	NG_011403.2	0	ATGGTATGT	ATCTCTCCATACAGG	1
F8	NG_011403.2	0	ATAGTAAGT	TTCTTTTCTTTGAGG	1
F8	NG_011403.2	0	CAGGTAAGA	TCTATTGCCCTCAGG	1
F8	NG_011403.2	0	AAGGTAAGC	CTTTCCTCTTTCAGG	1
DMD	NG_012232.1	0	GTTGTAAGT	ATTTTGCATTTTAGA	1
DMD	NG_012232.1	0	AAGGTAAGA	TTTTTTAATTTCAGT	1
DMD	NG_012232.1	0	CTGGTATGT	TGTTTTGTTCTCAGC	1
DMD	NG_012232.1	0	AATGTAAGT	CCTTTCTTTAACAGG	1
DMD	NG_012232.1	0	CAGGTAAGA	ATTTCCACATGTAGG	1
DMD	NG_012232.1	0	TAGGTAAGA	TGTATGTGTTTTAGG	1
DMD	NG_012232.1	0	AAGGTTGGT	TAATGTGCTTACAGA	1
DMD	NG_012232.1	0	CAGGTAAAG	ACCCTTCTCTGCAGA	1
DMD	NG_012232.1	0	CAGGTCTGT	ATTTTATTGTGCAGC	1
DMD	NG_012232.1	0	GAGGTAAAC	TCCTTCTTTGTCAGG	1
DMD	NG_012232.1	0	CAAGTAAGT	TTTCAAATTTTCAGT	1
DMD	NG_012232.1	0	AAGGTAGGT	ATTTTATCTTTCAGG	1
DMD	NG_012232.1	0	AAGGTCAGA	TGTCTCTTCTCCAGG	1
DMD	NG_012232.1	0	CAGGTGTGT	TTAATGTCTTGCAGT	1
DMD	NG_012232.1	0	GCCGTATGT	TCTTGTTTTAACAGG	1
DMD	NG_012232.1	0	CAGGTTAGT	AATACTTCTCACAGA	1
DMD	NG_012232.1	0	AAGGTGAGA	TTTTGCTGTCTTAGG	1
DMD	NG_012232.1	0	AATGTAGGT	CTCTCATGCTGCAGG	1
DMD	NG_012232.1	0	ATGGTAATT	TTTTTTCTTTCTAGA	1
DMD	NG_012232.1	0	AAGGTAAGA	ACTCTATGGCACAGG	1
DMD	NG_012232.1	0	CAAGTAAGT	CCCTTTTGATAAAGT	1
DMD	NG_012232.1	0	CAGGTCTGT	AAATTGTTTTTTAGG	1
DMD	NG_012232.1	0	CAGGTAATT	GGGTCTCGTTTCAGA	1
DMD	NG_012232.1	0	AGAGTAAGA	ATTTATTTTCTTAGC	1
DMD	NG_012232.1	0	CAGGTATAG	TTGTTTTGTGGAAGG	1
DMD	NG_012232.1	0	AAGGTAAAA	TCTTTATTTTTCAGA	1
DMD	NG_012232.1	0	GAAGTCAGT	TATTTCTTTCTTAGG	1
DMD	NG_012232.1	0	GATGTAAGT	CAAATGTGTTTCAGT	1
DMD	NG_012232.1	0	GAGGTATGA	TTCCTTCTTTTTAGG	1
DMD	NG_012232.1	0	CAGGCAAGT	TATCCTCCCAACAGA	0
DMD	NG_012232.1	0	CAGGTATAT	CACTGTCCTTACAGA	1
DMD	NG_012232.1	0	GTGGTATGT	ATGTTTAAACTTAGA	1
DMD	NG_012232.1	0	AAGGTGTGT	ATAATTCTTTTCAGG	1
DMD	NG_012232.1	0	AAGGTAAAA	TCTCCTTTTCACAGG	1
DMD	NG_012232.1	0	TTGGTAAGA	TCTGTACAATTAAGG	1
DMD	NG_012232.1	0	AAGGTAGCA	CTCATGGAATATAGC	1
DMD	NG_012232.1	0	AAGGTAGGA	ATCTTTTTTTTTAGG	1
DMD	NG_012232.1	0	ATGGTAAAT	TTGTTTTTGATCAGA	1
DMD	NG_012232.1	0	AAGGTATTA	TGCACCATGAACAGG	1
DMD	NG_012232.1	0	AAGGTAATG	GTTTTGCTCAATAGG	1
DMD	NG_012232.1	0	ATTGTGAGT	TATATCTATACCAGC	1
DMD	NG_012232.1	0	AAGGTAAAA	TTTTTATATTACAGA	1
DMD	NG_012232.1	0	AGGGTAGGT	GCTTTTACCTGCAGG	1
DMD	NG_012232.1	0	AAGGTAAGT	TTGGTATCTTACAGG	1
DMD	NG_012232.1	0	GAGGTAGGG	TCTTCTTTCTCCAGG	1
DMD	NG_012232.1	0	AAGGTAATT	TTTGTCTGTTTCAGT	1
DMD	NG_012232.1	0	AAGGTTAGA	TATTTTCCTTTCAGG	1
DMD	NG_012232.1	0	CAGGTAGGG	GTTCTTTTCCCCAGG	1
DMD	NG_012232.1	0	AAGGTAATG	CTTTTCTGTTAAAGA	1
DMD	NG_012232.1	0	CCTGTAAGT	CCAAAATATTTTAGC	1
DMD	NG_012232.1	0	AAGGTATGA	ATTTGTTCTTACAGG	1
DMD	NG_012232.1	0	GAAGTAAGT	TCCTTTTATTCTAGT	1
DMD	NG_012232.1	0	AAGGTTAGT	ATAAAAATCTATAGC	1
DMD	NG_012232.1	0	AAGGTATGA	TTGGTCCTTTGCAGG	1
DMD	NG_012232.1	0	CAAGTAAGT	CTGCTGTCCTGTAGG	1
DMD	NG_012232.1	0	TAGGTAGGA	CTGTTCTTTTTCAGG	1
DMD	NG_012232.1	0	AGGGTAGGA	ATCTCATTTCACAGG	1
DMD	NG_012232.1	0	GAGGTAATT	TATTGCCAATTTAGA	1
DMD	NG_012232.1	0	AAGGTACCG	ACTATTGCACACAGG	1
DMD	NG_012232.1	0	CAGGTAAGC	CCTTTTCCTCCCAGG	1
DMD	NG_012232.1	0	CCAGTAAGT	TCCCTTCTTTTCAGC	1
DMD	NG_012232.1	0	CAAGTAAGT	GTTTTGTGTTTTAGC	1
DMD	NG_012232.1	0	TAGGTAAGG	TTCCCTCTTTTCAGC	1
DMD	NG_012232.1	0	GCTGTAAGT	TTTGTTTTTTGCAGT	1
DMD	NG_012232.1	0	TACGTACGT	ATTCTTCATAATAGG	1
DMD	NG_012232.1	0	GATGTAAGT	TTCTTCCTTTGTAGA	1
DMD	NG_012232.1	0	TTTGTAAGT	TCCTGTCTTTGCAGG	1
DMD	NG_012232.1	0	CAGGTATTA	TTGCTCTTTATCAGG	1
DMD	NG_012232.1	0	CCGGTAAGT	GATCTCCCTTTTAGA	1
DMD	NG_012232.1	0	AACGTGAGT	TTTTTGTTTTGCAGT	1
DMD	NG_012232.1	0	TGCGTGAGT	TTTCTGCCTTATAGG	1
DMD	NG_012232.1	0	CAGGTATGA	ACGTTTTTTATCAGG	1
DMD	NG_012232.1	0	CATGTAAGT	ATTTTATTTTCCAGA	1
DMD	NG_012232.1	0	CAGGTGAGT	TTTGATGCCAATAGG	1
DMD	NG_012232.1	0	CAAGTGAGG	TTTGGATGACTTAGC	1
DMD	NG_012232.1	0	TGGGTAAGT	TTGCTTTTATTAAGG	1
DMD	NG_012232.1	0	GAGGTAAGC	CTCTATTATTAAAGG	1
DMD	NG_012232.1	0	GAGGTTAGT	TCTTTGTTTTCCAGG	1
MYH7	NG_007884.1	0	CAGGTAGGA	TTCCCTCTCTCCAGG	1
MYH7	NG_007884.1	0	CAGGTAAGA	TCTGCTCACTCCAGG	1
MYH7	NG_007884.1	0	AAGGTGGGT	GGGGGCTCTTGCAGA	1
MYH7	NG_007884.1	0	TACGTGAGT	TTTTCTATCCCCAGA	1
MYH7	NG_007884.1	0	CAGGTGAGA	CCCTCTCCCCACAGA	1
MYH7	NG_007884.1	0	CACGTGAGT	CCCTGTCTTCACAGC	1
MYH7	NG_007884.1	0	AAGGTAGGC	CTTGGCCTCTGCAGG	1
MYH7	NG_007884.1	0	TTCGTGAGT	TTCCATCTCTCCAGG	1
MYH7	NG_007884.1	0	CCTGTGAGT	CCACCTGTTCACAGA	1
MYH7	NG_007884.1	0	TGGGTGAGT	GTTTTTTCCCCTAGA	1
MYH7	NG_007884.1	0	GATGTGAGT	GGGCCTCCCTACAGA	1
MYH7	NG_007884.1	0	AAGGTGGGA	CCTTTTCCTTCCAGA	1
MYH7	NG_007884.1	0	CAGGTGGGT	CCTCCACCTTGCAGG	1
MYH7	NG_007884.1	0	GATGTGAGT	CATGCCCCCTGCAGT	1
MYH7	NG_007884.1	0	AAGGTGCCT	TCCTGCTTCCTCAGC	1
MYH7	NG_007884.1	0	CGCGTAAGT	TCTCCTTCCTGCAGC	1
MYH7	NG_007884.1	0	AGGGTGAGT	ATTTTTGGCCACAGG	1
MYH7	NG_007884.1	0	CAGGTGAGG	CCTTCTTGCCACAGG	1
MYH7	NG_007884.1	0	GAGGTGGGT	ACTTCCCTCCTCAGG	1
MYH7	NG_007884.1	0	AAGGTGAGG	CACCTTGCCTGCAGG	1
MYH7	NG_007884.1	0	TAGGTGAGA	ATGGGCCCCTGCAGA	1
MYH7	NG_007884.1	0	GCGGTGAGG	TTCCTCACCTTCAGG	1
MYH7	NG_007884.1	0	AAGGTAAGG	TTCTTGGTCGGCAGG	1
MYH7	NG_007884.1	0	GATGTGAGT	CTTCTCTCTACCAGC	1
MYH7	NG_007884.1	0	AAAGTACTG	CTCCTTCCCCACAGA	1
MYH7	NG_007884.1	0	CAGGTGAGG	TTGTGTCTGACCAGG	1
MYH7	NG_007884.1	0	AAGGCAGGC	CCTTCCCTTCTCAGG	0
MYH7	NG_007884.1	0	ATGGTGAGC	TGGTGCTTCCCCAGG	1
MYH7	NG_007884.1	0	AAGGTAAGG	CCACCCCTCCCCAGG	1
MYH7	NG_007884.1	0	CAAGTGAGT	CCTCCCCTGGGCAGG	1
MYH7	NG_007884.1	0	AAGGTGGGC	TTGTCCCCGGGCAGA	1
MYH7	NG_007884.1	0	AGGGTGTGC	TGTTCCCCACACAGA	1
MYH7	NG_007884.1	0	GAGGTGTGT	CAACCCCTTCCCAGG	1
MYH7	NG_007884.1	0	AAGGTACTC	CTCCTGATCCTCAGG	1
MYH7	NG_007884.1	0	CAGGTGAGC	CTCCCCCAACCCAGA	1
MYH7	NG_007884.1	0	GATGTAAGT	TCTCCTGCACACAGG	1
MYH7	NG_007884.1	0	CAGGTGCGA	CCTCTGGCCCCCAGA	1
MYH7	NG_007884.1	0	GCGGTGAGT	CCCACCTCCCGCAGG	1
MYH7	NG_007884.1	0	AAGGTGGGT	TTTCCTTTCAAAAGG	1
PKD1	NG_008617.1	0	GCTGTGAGT	CACTCACTCCTCAGA	1
PKD1	NG_008617.1	0	GCTGTGAGT	CCCGTCTCTTCCAGG	1
PKD1	NG_008617.1	0	AATGTAAGT	CCCCTGCCCTGCAGA	1
PKD1	NG_008617.1	0	GTGGTGAGT	GCTGCCTCTTCTAGG	1
PKD1	NG_008617.1	0	GAGGTGAGT	CCACCGGTCTCCAGC	1
PKD1	NG_008617.1	0	CAGGTGCCT	ACACCCGCCCCCAGG	1
PKD1	NG_008617.1	0	GAGGTGTGC	ACTCGCCACCCCAGG	1
PKD1	NG_008617.1	0	GAGGTAGTC	CCCCTGCCCACCAGG	1
PKD1	NG_008617.1	0	CAGGTGGGA	TCCCCTCCTCACAGG	1
PKD1	NG_008617.1	0	TCGGTGTGT	CTCCCTCTCCACAGG	1
PKD1	NG_008617.1	0	GTGGTGAGT	CATTCCCCCCGCAGA	1
PKD1	NG_008617.1	0	TCAGTAGGT	GCCTGTCCCTGCAGC	1
PKD1	NG_008617.1	0	CCTGTGAGT	CACCGCCCCGGCAGG	1
PKD1	NG_008617.1	0	CAGGTGAGG	GCCTGTCCCCACAGG	1
PKD1	NG_008617.1	0	CAGGTCAGT	TTCTCGGCCTGCAGA	1
PKD1	NG_008617.1	0	ACGGTGGGT	CACTCCCACGCCAGG	1
PKD1	NG_008617.1	0	GGGGTGAGT	CCTTCTGCCTGCAGC	1
PKD1	NG_008617.1	0	CGGGTGAGT	GGACCGTCCCTCAGG	1
PKD1	NG_008617.1	0	CAGGTGAGC	CCCTCTGCTCGTAGG	1
PKD1	NG_008617.1	0	GAGGTGAGT	CCTGCCTGCCCCAGT	1
PKD1	NG_008617.1	0	ATGGTAGGA	CTGGCTCCACACAGG	1
PKD1	NG_008617.1	0	CAGGTGCCG	ACGCATGTCTGCAGG	1
PKD1	NG_008617.1	0	ACGGTGCGT	GCGTTCTGCCCCAGG	1
PKD1	NG_008617.1	0	GGGGTGAGC	CCTTCCCTGCCCAGG	1
PKD1	NG_008617.1	0	CCTGTGAGT	CTGTGTCCTCACAGG	1
PKD1	NG_008617.1	0	CAGGTGAGG	CTCTTGCCTCCCAGG	1
PKD1	NG_008617.1	0	AAGGTTTGT	CTGCGCCTCTGCAGG	1
PKD1	NG_008617.1	0	CGAGTAAGG	TCCCTGCCTTCTAGG	1
PKD1	NG_008617.1	0	CAGGTGGGT	TCTCCTCCACACAGC	1
PKD1	NG_008617.1	0	AAGGTGGGC	CCCTCGTCCTGCAGG	1
PKD1	NG_008617.1	0	GAGGTGAGG	TGTGCACCTCTCAGC	1
PKD1	NG_008617.1	0	GAGGTGGGT	CGCGCCACCTGCAGT	1
PKD1	NG_008617.1	0	CAGGTGAGC	TCCTGTACCTCTAGA	1
PKD1	NG_008617.1	0	CCTGTGAGT	ACCATGTCCCTCAGG	1
PKD1	NG_008617.1	0	CAGGTGTGC	CTCTGCTTCCCCAGG	1
PKD1	NG_008617.1	0	AAGGTGAGG	CACCCCCTCCCCAGG	1
PKD1	NG_008617.1	0	CGGGTGAGC	CCCCCGTCCACCAGA	1
PKD1	NG_008617.1	0	GCGGTACGG	TGATGCTGTGGCAGG	1
PKD1	NG_008617.1	0	AAGGTGAGC	TCTGTGTGTTTCAGC	1
PKD1	NG_008617.1	0	GGGGTGAGC	CCCCTCTCCGGCAGG	1
PKD1	NG_008617.1	0	CAGGTGGGA	CACCCTCTGCGCAGG	1
PKD1	NG_008617.1	0	TCGGTACGC	CGCGCCCCCCACAGG	1
PKD1	NG_008617.1	0	AAGGTGAGG	TTTCTCGTCCGCAGG	1
PKD1	NG_008617.1	0	CTGGTAGGT	CGCCTTCCCCGCAGC	1
PKD1	NG_008617.1	0	GAGGTGGGT	TGTGCCGCCCCCAGT	1
PKD1	NG_008617.1	1	AAGGTAGGG	TCTTGTCCGGGCAGG	1
PKD1	NG_008617.1	1	AATGTGAGT	CCAAGTCTCCCCAGA	1
PKD1	NG_008617.1	1	CGGGTAGGG	AGATGGCCTCACAGG	1
PKD1	NG_008617.1	2	AAGGTAGGG	TCTTGTCCGGGCAGG	1
PKD1	NG_008617.1	2	AATGTGAGT	CCAAGTCTCCCCAGA	1
PKD1	NG_008617.1	2	CGGGTAGGG	GCCTACGTCCCCAGA	1
PKD1	NG_008617.1	3	AAGGTAGGG	TCTTGTCCGGGCAGG	1
PKD1	NG_008617.1	3	AATGTGAGT	CCAAGTCTCCCCAGA	1
PKD1	NG_008617.1	3	CGGGTAGGG	GCCTACGTCCCCAGA	1
PKD1	NG_008617.1	4	AAGGTAGGG	TCTTGTCCGGGCAGG	1
PKD1	NG_008617.1	4	AATGTGAGT	CCAAGTCTCCCCAGA	1
PKD1	NG_008617.1	4	CGGGTAGGG	GCCTACGTCCCCAGA	1
PKD1	NG_008617.1	5	AAGGTAGGG	TCTTGTCCGGGCAGG	1
PKD1	NG_008617.1	5	AATGTGAGT	CCAAGTCTCCCCAGA	1
PKD1	NG_008617.1	5	CGGGTAGGG	GCCTACGTCCCCAGA	1
PKD1	NG_008617.1	6	AAGGTAGGG	TCTTGTCCGGGCAGG	1
PKD1	NG_008617.1	6	AATGTGAGT	CCAAGTCTCCCCAGA	1
PKD1	NG_008617.1	6	CGGGTAGGG	GCCTACGTCCCCAGA	1
PKD1	NG_008617.1	7	AAGGTAGGG	TCTTGTCCGGGCAGG	1
PKD1	NG_008617.1	7	AATGTGAGT	CCAAGTCTCCCCAGA	1
PKD1	NG_008617.1	7	CGGGTAGGG	GCCTACGTCCCCAGA	1
PKD1	NG_008617.1	8	AAGGTAGGG	TCTTGTCCGGGCAGG	1
PKD1	NG_008617.1	8	AATGTGAGT	CCAAGTCTCCCCAGA	1
PKD1	NG_008617.1	8	CGGGTAGGG	GCCTACGTCCCCAGA	1
PKD1	NG_008617.1	9	AAGGTAGGG	TCTTGTCCGGGCAGG	1
PKD1	NG_008617.1	9	AATGTGAGT	CCAAGTCTCCCCAGA	1
PKD1	NG_008617.1	9	CGGGTAGGG	GCCTACGTCCCCAGA	1
PKD1	NG_008617.1	10	AAGGTAGGG	TCTTGTCCGGGCAGG	1
PKD1	NG_008617.1	10	AATGTGAGT	CCAAGTCTCCCCAGA	1
PKD1	NG_008617.1	10	CGGGTAGGG	GCCTACGTCCCCAGA	1
PKD1	NG_008617.1	11	AAGGTAGGG	TCTTGTCCGGGCAGG	1
PKD1	NG_008617.1	11	AATGTGAGT	CCAAGTCTCCCCAGA	1
PKD1	NG_008617.1	11	CGGGTAGGG	GCCTACGTCCCCAGA	1
PKD1	NG_008617.1	12	AAGGTAGGG	TCTTGTCCGGGCAGG	1
PKD1	NG_008617.1	12	AATGTGAGT	CCAAGTCTCCCCAGA	1
PKD1	NG_008617.1	12	CGGGTAGGG	GCCTACGTCCCCAGA	1
PKD1	NG_008617.1	13	AAGGTAGGG	TCTTGTCCGGGCAGG	1
PKD1	NG_008617.1	13	AATGTGAGT	CCAAGTCTCCCCAGA	1
PKD1	NG_008617.1	13	CGGGTAGGG	GCCTACGTCCCCAGA	1
PKD1	NG_008617.1	14	AAGGTAGGG	TCTTGTCCGGGCAGG	1
PKD1	NG_008617.1	14	AATGTGAGT	CCAAGTCTCCCCAGA	1
PKD1	NG_008617.1	14	CGGGTAGGG	GCCTACGTCCCCAGA	1
PKD1	NG_008617.1	15	AAGGTAGGG	TCTTGTCCGGGCAGG	1
PKD1	NG_008617.1	15	AATGTGAGT	CCAAGTCTCCCCAGA	1
PKD1	NG_008617.1	15	CGGGTAGGG	GCCTACGTCCCCAGA	1
PKD1	NG_008617.1	16	AAGGTAGGG	TCTTGTCCGGGCAGG	1
PKD1	NG_008617.1	16	AATGTGAGT	CCAAGTCTCCCCAGA	1
PKD1	NG_008617.1	16	CGGGTAGGG	GCCTACGTCCCCAGA	1
PKD1	NG_008617.1	17	AAGGTAGGG	TCTTGTCCGGGCAGG	1
PKD1	NG_008617.1	17	AATGTGAGT	CCAAGTCTCCCCAGA	1
PKD1	NG_008617.1	17	CGGGTAGGG	GCCTACGTCCCCAGA	1
PKD1	NG_008617.1	18	AAGGTAGGG	TCTTGTCCGGGCAGG	1
PKD1	NG_008617.1	18	AATGTGAGT	CCAAGTCTCCCCAGA	1
PKD1	NG_008617.1	18	CGGGTAGGG	GCCTACGTCCCCAGA	1
PKD1	NG_008617.1	19	AAGGTAGGG	TCTTGTCCGGGCAGG	1
PKD1	NG_008617.1	19	AATGTGAGT	CCAAGTCTCCCCAGA	1
PKD1	NG_008617.1	19	CGGGTAGGG	GCCTACGTCCCCAGA	1
PKD1	NG_008617.1	20	AAGGTAGGG	TCTTGTCCGGGCAGG	1
PKD1	NG_008617.1	20	AATGTGAGT	CCAAGTCTCCCCAGA	1
PKD1	NG_008617.1	20	CGGGTAGGG	GCCTACGTCCCCAGA	1
PKD1	NG_008617.1	21	AAGGTAGGG	TCTTGTCCGGGCAGG	1
PKD1	NG_008617.1	21	AATGTGAGT	CCAAGTCTCCCCAGA	1
PKD1	NG_008617.1	21	CGGGTAGGG	GCCTACGTCCCCAGA	1
PKD1	NG_008617.1	22	AAGGTAGGG	TCTTGTCCGGGCAGG	1
PKD1	NG_008617.1	22	AATGTGAGT	CCAAGTCTCCCCAGA	1
PKD1	NG_008617.1	22	CGGGTAGGG	GCCTACGTCCCCAGA	1
PKD1	NG_008617.1	23	AAGGTAGGG	TCTTGTCCGGGCAGG	1
PKD1	NG_008617.1	23	AATGTGAGT	CCAAGTCTCCCCAGA	1
PKD1	NG_008617.1	23	CGGGTAGGG	GCCTACGTCCCCAGA	1
PKD1	NG_008617.1	24	AAGGTAGGG	TCTTGTCCGGGCAGG	1
PKD1	NG_008617.1	24	AATGTGAGT	CCAAGTCTCCCCAGA	1
PKD1	NG_008617.1	24	CGGGTAGGG	GCCTACGTCCCCAGA	1
PKD1	NG_008617.1	25	AAGGTAGGG	TCTTGTCCGGGCAGG	1
PKD1	NG_008617.1	25	AATGTGAGT	CCAAGTCTCCCCAGA	1
PKD1	NG_008617.1	25	CGGGTAGGG	GCCTACGTCCCCAGA	1
PKD1	NG_008617.1	26	AAGGTAGGG	TCTTGTCCGGGCAGG	1
PKD1	NG_008617.1	26	AATGTGAGT	CCAAGTCTCCCCAGA	1
PKD1	NG_008617.1	26	CGGGTAGGG	GCCTACGTCCCCAGA	1
PKD1	NG_008617.1	27	AAGGTAGGG	TCTTGTCCGGGCAGG	1
PKD1	NG_008617.1	27	AATGTGAGT	CCAAGTCTCCCCAGA	1
PKD1	NG_008617.1	27	CGGGTAGGG	GCCTACGTCCCCAGA	1
PKD1	NG_008617.1	28	AAGGTAGGG	TCTTGTCCGGGCAGG	1
PKD1	NG_008617.1	28	AATGTGAGT	CCAAGTCTCCCCAGA	1
PKD1	NG_008617.1	28	CGGGTAGGG	GCCTACGTCCCCAGA	1
PKD1	NG_008617.1	29	AAGGTAGGG	TCTTGTCCGGGCAGG	1
PKD1	NG_008617.1	29	AATGTGAGT	CCAAGTCTCCCCAGA	1
PKD1	NG_008617.1	29	CGGGTAGGG	GCCTACGTCCCCAGA	1
PKD1	NG_008617.1	30	AAGGTAGGG	TCTTGTCCGGGCAGG	1
PKD1	NG_008617.1	30	AATGTGAGT	CCAAGTCTCCCCAGA	1
PKD1	NG_008617.1	30	CGGGTAGGG	GCCTACGTCCCCAGA	1
PKD1	NG_008617.1	31	AAGGTAGGG	TCTTGTCCGGGCAGG	1
PKD1	NG_008617.1	31	AATGTGAGT	CCAAGTCTCCCCAGA	1
PKD1	NG_008617.1	31	CGGGTAGGG	GCCTACGTCCCCAGA	1
PKD1	NG_008617.1	32	AAGGTAGGG	TCTTGTCCGGGCAGG	1
PKD1	NG_008617.1	32	AATGTGAGT	CCAAGTCTCCCCAGA	1
PKD1	NG_008617.1	32	CGGGTAGGG	GCCTACGTCCCCAGA	1
PKD1	NG_008617.1	33	AAGGTAGGG	TCTTGTCCGGGCAGG	1
PKD1	NG_008617.1	33	AATGTGAGT	CCAAGTCTCCCCAGA	1
PKD1	NG_008617.1	33	CGGGTAGGG	GCCTACGTCCCCAGA	1
PKD1	NG_008617.1	34	AAGGTAGGG	TCTTGTCCGGGCAGG	1
PKD1	NG_008617.1	34	AATGTGAGT	CCAAGTCTCCCCAGA	1
PKD1	NG_008617.1	34	CGGGTAGGG	GCCTACGTCCCCAGA	1
PKD1	NG_008617.1	35	AAGGTAGGG	TCTTGTCCGGGCAGG	1
PKD1	NG_008617.1	35	AATGTGAGT	CCAAGTCTCCCCAGA	1
PKD1	NG_008617.1	35	CGGGTAGGG	GCCTACGTCCCCAGA	1
PKD1	NG_008617.1	36	AAGGTAGGG	TCTTGTCCGGGCAGG	1
PKD1	NG_008617.1	36	AATGTGAGT	CCAAGTCTCCCCAGA	1
PKD1	NG_008617.1	36	CGGGTAGGG	GCCTACGTCCCCAGA	1
PKD1	NG_008617.1	37	AAGGTAGGG	TCTTGTCCGGGCAGG	1
PKD1	NG_008617.1	37	AATGTGAGT	CCAAGTCTCCCCAGA	1
PKD1	NG_008617.1	37	CGGGTAGGG	GCCTACGTCCCCAGA	1
PKD1	NG_008617.1	38	AAGGTAGGG	TCTTGTCCGGGCAGG	1
PKD1	NG_008617.1	38	AATGTGAGT	CCAAGTCTCCCCAGA	1
PKD1	NG_008617.1	38	CGGGTAGGG	GCCTACGTCCCCAGA	1
PKD1	NG_008617.1	39	AAGGTAGGG	TCTTGTCCGGGCAGG	1
PKD1	NG_008617.1	39	AATGTGAGT	CCAAGTCTCCCCAGA	1
PKD1	NG_008617.1	39	CGGGTAGGG	GCCTACGTCCCCAGA	1
PKD1	NG_008617.1	40	AAGGTAGGG	TCTTGTCCGGGCAGG	1
PKD1	NG_008617.1	40	AATGTGAGT	CCAAGTCTCCCCAGA	1
PKD1	NG_008617.1	40	CGGGTAGGG	GCCTACGTCCCCAGA	1
PKD1	NG_008617.1	41	AAGGTAGGG	TCTTGTCCGGGCAGG	1
PKD1	NG_008617.1	41	AATGTGAGT	CCAAGTCTCCCCAGA	1
PKD1	NG_008617.1	41	CGGGTAGGG	GCCTACGTCCCCAGA	1
PKD1	NG_008617.1	42	AAGGTAGGG	TCTTGTCCGGGCAGG	1
PKD1	NG_008617.1	42	AATGTGAGT	CCAAGTCTCCCCAGA	1
PKD1	NG_008617.1	42	CGGGTAGGG	GCCTACGTCCCCAGA	1
PKD1	NG_008617.1	43	AAGGTAGGG	TCTTGTCCGGGCAGG	1
PKD1	NG_008617.1	43	AATGTGAGT	CCAAGTCTCCCCAGA	1
PKD1	NG_008617.1	43	CGGGTAGGG	GCCTACGTCCCCAGA	1
TSC1	NG_034227.1	0	CAGGTTGGG	TTCACTTTTTTCAGG	1
TSC1	NG_034227.1	0	AAGGTAGGC	ACCTGTAATCCCAGC	1
TSC1	NG_034227.1	0	AAGGTAAAG	TACAACACCCACAGA	1
TSC1	NG_034227.1	0	AATGTAAGT	GAATTTCTCTGCAGA	1
TSC1	NG_034227.1	0	CAGGTGAGT	CCTCCCCCTTGCAGG	1
TSC1	NG_034227.1	0	CGGGTGAGT	CTATCTCCCCACAGT	1
TSC1	NG_034227.1	0	CAGGTACCC	CGTTATCTCCACAGA	1
TSC1	NG_034227.1	0	AAGGTGGGC	GCCCCTGCTCCCAGG	1
TSC1	NG_034227.1	0	CAGGTGGGC	ATTTCCTCCGGCAGG	1
TSC1	NG_034227.1	0	CAGGTGAGT	TGCCCTCCCTGCAGG	1
TSC2	NG_008617.1	0	GCTGTGAGT	CACTCACTCCTCAGA	1
TSC2	NG_008617.1	0	GCTGTGAGT	CCCGTCTCTTCCAGG	1
TSC2	NG_008617.1	0	AATGTAAGT	CCCCTGCCCTGCAGA	1
TSC2	NG_008617.1	0	GTGGTGAGT	GCTGCCTCTTCTAGG	1
TSC2	NG_008617.1	0	GAGGTGAGT	CCACCGGTCTCCAGC	1
TSC2	NG_008617.1	0	CAGGTGCCT	ACACCCGCCCCCAGG	1
TSC2	NG_008617.1	0	GAGGTGTGC	ACTCGCCACCCCAGG	1
TSC2	NG_008617.1	0	GAGGTAGTC	CCCCTGCCCACCAGG	1
TSC2	NG_008617.1	0	CAGGTGGGA	TCCCCTCCTCACAGG	1
TSC2	NG_008617.1	0	TCGGTGTGT	CTCCCTCTCCACAGG	1
TSC2	NG_008617.1	0	GTGGTGAGT	CATTCCCCCCGCAGA	1
TSC2	NG_008617.1	0	TCAGTAGGT	GCCTGTCCCTGCAGC	1
TSC2	NG_008617.1	0	CCTGTGAGT	CACCGCCCCGGCAGG	1
TSC2	NG_008617.1	0	CAGGTGAGG	GCCTGTCCCCACAGG	1
TSC2	NG_008617.1	0	CAGGTCAGT	TTCTCGGCCTGCAGA	1
TSC2	NG_008617.1	0	ACGGTGGGT	CACTCCCACGCCAGG	1
TSC2	NG_008617.1	0	GGGGTGAGT	CCTTCTGCCTGCAGC	1
TSC2	NG_008617.1	0	CGGGTGAGT	GGACCGTCCCTCAGG	1
TSC2	NG_008617.1	0	CAGGTGAGC	CCCTCTGCTCGTAGG	1
TSC2	NG_008617.1	0	GAGGTGAGT	CCTGCCTGCCCCAGT	1
TSC2	NG_008617.1	0	ATGGTAGGA	CTGGCTCCACACAGG	1
TSC2	NG_008617.1	0	CAGGTGCCG	ACGCATGTCTGCAGG	1
TSC2	NG_008617.1	0	ACGGTGCGT	GCGTTCTGCCCCAGG	1
TSC2	NG_008617.1	0	GGGGTGAGC	CCTTCCCTGCCCAGG	1
TSC2	NG_008617.1	0	CCTGTGAGT	CTGTGTCCTCACAGG	1
TSC2	NG_008617.1	0	CAGGTGAGG	CTCTTGCCTCCCAGG	1
TSC2	NG_008617.1	0	AAGGTTTGT	CTGCGCCTCTGCAGG	1
TSC2	NG_008617.1	0	CGAGTAAGG	TCCCTGCCTTCTAGG	1
TSC2	NG_008617.1	0	CAGGTGGGT	TCTCCTCCACACAGC	1
TSC2	NG_008617.1	0	AAGGTGGGC	CCCTCGTCCTGCAGG	1
TSC2	NG_008617.1	0	GAGGTGAGG	TGTGCACCTCTCAGC	1
TSC2	NG_008617.1	0	GAGGTGGGT	CGCGCCACCTGCAGT	1
TSC2	NG_008617.1	0	CAGGTGAGC	TCCTGTACCTCTAGA	1
TSC2	NG_008617.1	0	CCTGTGAGT	ACCATGTCCCTCAGG	1
TSC2	NG_008617.1	0	CAGGTGTGC	CTCTGCTTCCCCAGG	1
TSC2	NG_008617.1	0	AAGGTGAGG	CACCCCCTCCCCAGG	1
TSC2	NG_008617.1	0	CGGGTGAGC	CCCCCGTCCACCAGA	1
TSC2	NG_008617.1	0	GCGGTACGG	TGATGCTGTGGCAGG	1
TSC2	NG_008617.1	0	AAGGTGAGC	TCTGTGTGTTTCAGC	1
TSC2	NG_008617.1	0	GGGGTGAGC	CCCCTCTCCGGCAGG	1
TSC2	NG_008617.1	0	CAGGTGGGA	CACCCTCTGCGCAGG	1
TSC2	NG_008617.1	0	TCGGTACGC	CGCGCCCCCCACAGG	1
TSC2	NG_008617.1	0	AAGGTGAGG	TTTCTCGTCCGCAGG	1
TSC2	NG_008617.1	0	CTGGTAGGT	CGCCTTCCCCGCAGC	1
TSC2	NG_008617.1	0	GAGGTGGGT	TGTGCCGCCCCCAGT	1
TSC2	NG_008617.1	1	AAGGTAGGG	TCTTGTCCGGGCAGG	1
TSC2	NG_008617.1	1	AATGTGAGT	CCAAGTCTCCCCAGA	1
TSC2	NG_008617.1	1	CGGGTAGGG	AGATGGCCTCACAGG	1
TSC2	NG_008617.1	2	AAGGTAGGG	TCTTGTCCGGGCAGG	1
TSC2	NG_008617.1	2	AATGTGAGT	CCAAGTCTCCCCAGA	1
TSC2	NG_008617.1	2	CGGGTAGGG	GCCTACGTCCCCAGA	1
TSC2	NG_008617.1	3	AAGGTAGGG	TCTTGTCCGGGCAGG	1
TSC2	NG_008617.1	3	AATGTGAGT	CCAAGTCTCCCCAGA	1
TSC2	NG_008617.1	3	CGGGTAGGG	GCCTACGTCCCCAGA	1
TSC2	NG_008617.1	4	AAGGTAGGG	TCTTGTCCGGGCAGG	1
TSC2	NG_008617.1	4	AATGTGAGT	CCAAGTCTCCCCAGA	1
TSC2	NG_008617.1	4	CGGGTAGGG	GCCTACGTCCCCAGA	1
TSC2	NG_008617.1	5	AAGGTAGGG	TCTTGTCCGGGCAGG	1
TSC2	NG_008617.1	5	AATGTGAGT	CCAAGTCTCCCCAGA	1
TSC2	NG_008617.1	5	CGGGTAGGG	GCCTACGTCCCCAGA	1
TSC2	NG_008617.1	6	AAGGTAGGG	TCTTGTCCGGGCAGG	1
TSC2	NG_008617.1	6	AATGTGAGT	CCAAGTCTCCCCAGA	1
TSC2	NG_008617.1	6	CGGGTAGGG	GCCTACGTCCCCAGA	1
TSC2	NG_008617.1	7	AAGGTAGGG	TCTTGTCCGGGCAGG	1
TSC2	NG_008617.1	7	AATGTGAGT	CCAAGTCTCCCCAGA	1
TSC2	NG_008617.1	7	CGGGTAGGG	GCCTACGTCCCCAGA	1
TSC2	NG_008617.1	8	AAGGTAGGG	TCTTGTCCGGGCAGG	1
TSC2	NG_008617.1	8	AATGTGAGT	CCAAGTCTCCCCAGA	1
TSC2	NG_008617.1	8	CGGGTAGGG	GCCTACGTCCCCAGA	1
TSC2	NG_008617.1	9	AAGGTAGGG	TCTTGTCCGGGCAGG	1
TSC2	NG_008617.1	9	AATGTGAGT	CCAAGTCTCCCCAGA	1
TSC2	NG_008617.1	9	CGGGTAGGG	GCCTACGTCCCCAGA	1
TSC2	NG_008617.1	10	AAGGTAGGG	TCTTGTCCGGGCAGG	1
TSC2	NG_008617.1	10	AATGTGAGT	CCAAGTCTCCCCAGA	1
TSC2	NG_008617.1	10	CGGGTAGGG	GCCTACGTCCCCAGA	1
TSC2	NG_008617.1	11	AAGGTAGGG	TCTTGTCCGGGCAGG	1
TSC2	NG_008617.1	11	AATGTGAGT	CCAAGTCTCCCCAGA	1
TSC2	NG_008617.1	11	CGGGTAGGG	GCCTACGTCCCCAGA	1
TSC2	NG_008617.1	12	AAGGTAGGG	TCTTGTCCGGGCAGG	1
TSC2	NG_008617.1	12	AATGTGAGT	CCAAGTCTCCCCAGA	1
TSC2	NG_008617.1	12	CGGGTAGGG	GCCTACGTCCCCAGA	1
TSC2	NG_008617.1	13	AAGGTAGGG	TCTTGTCCGGGCAGG	1
TSC2	NG_008617.1	13	AATGTGAGT	CCAAGTCTCCCCAGA	1
TSC2	NG_008617.1	13	CGGGTAGGG	GCCTACGTCCCCAGA	1
TSC2	NG_008617.1	14	AAGGTAGGG	TCTTGTCCGGGCAGG	1
TSC2	NG_008617.1	14	AATGTGAGT	CCAAGTCTCCCCAGA	1
TSC2	NG_008617.1	14	CGGGTAGGG	GCCTACGTCCCCAGA	1
TSC2	NG_008617.1	15	AAGGTAGGG	TCTTGTCCGGGCAGG	1
TSC2	NG_008617.1	15	AATGTGAGT	CCAAGTCTCCCCAGA	1
TSC2	NG_008617.1	15	CGGGTAGGG	GCCTACGTCCCCAGA	1
TSC2	NG_008617.1	16	AAGGTAGGG	TCTTGTCCGGGCAGG	1
TSC2	NG_008617.1	16	AATGTGAGT	CCAAGTCTCCCCAGA	1
TSC2	NG_008617.1	16	CGGGTAGGG	GCCTACGTCCCCAGA	1
TSC2	NG_008617.1	17	AAGGTAGGG	TCTTGTCCGGGCAGG	1
TSC2	NG_008617.1	17	AATGTGAGT	CCAAGTCTCCCCAGA	1
TSC2	NG_008617.1	17	CGGGTAGGG	GCCTACGTCCCCAGA	1
TSC2	NG_008617.1	18	AAGGTAGGG	TCTTGTCCGGGCAGG	1
TSC2	NG_008617.1	18	AATGTGAGT	CCAAGTCTCCCCAGA	1
TSC2	NG_008617.1	18	CGGGTAGGG	GCCTACGTCCCCAGA	1
TSC2	NG_008617.1	19	AAGGTAGGG	TCTTGTCCGGGCAGG	1
TSC2	NG_008617.1	19	AATGTGAGT	CCAAGTCTCCCCAGA	1
TSC2	NG_008617.1	19	CGGGTAGGG	GCCTACGTCCCCAGA	1
TSC2	NG_008617.1	20	AAGGTAGGG	TCTTGTCCGGGCAGG	1
TSC2	NG_008617.1	20	AATGTGAGT	CCAAGTCTCCCCAGA	1
TSC2	NG_008617.1	20	CGGGTAGGG	GCCTACGTCCCCAGA	1
TSC2	NG_008617.1	21	AAGGTAGGG	TCTTGTCCGGGCAGG	1
TSC2	NG_008617.1	21	AATGTGAGT	CCAAGTCTCCCCAGA	1
TSC2	NG_008617.1	21	CGGGTAGGG	GCCTACGTCCCCAGA	1
TSC2	NG_008617.1	22	AAGGTAGGG	TCTTGTCCGGGCAGG	1
TSC2	NG_008617.1	22	AATGTGAGT	CCAAGTCTCCCCAGA	1
TSC2	NG_008617.1	22	CGGGTAGGG	GCCTACGTCCCCAGA	1
TSC2	NG_008617.1	23	AAGGTAGGG	TCTTGTCCGGGCAGG	1
TSC2	NG_008617.1	23	AATGTGAGT	CCAAGTCTCCCCAGA	1
TSC2	NG_008617.1	23	CGGGTAGGG	GCCTACGTCCCCAGA	1
TSC2	NG_008617.1	24	AAGGTAGGG	TCTTGTCCGGGCAGG	1
TSC2	NG_008617.1	24	AATGTGAGT	CCAAGTCTCCCCAGA	1
TSC2	NG_008617.1	24	CGGGTAGGG	GCCTACGTCCCCAGA	1
TSC2	NG_008617.1	25	AAGGTAGGG	TCTTGTCCGGGCAGG	1
TSC2	NG_008617.1	25	AATGTGAGT	CCAAGTCTCCCCAGA	1
TSC2	NG_008617.1	25	CGGGTAGGG	GCCTACGTCCCCAGA	1
TSC2	NG_008617.1	26	AAGGTAGGG	TCTTGTCCGGGCAGG	1
TSC2	NG_008617.1	26	AATGTGAGT	CCAAGTCTCCCCAGA	1
TSC2	NG_008617.1	26	CGGGTAGGG	GCCTACGTCCCCAGA	1
TSC2	NG_008617.1	27	AAGGTAGGG	TCTTGTCCGGGCAGG	1
TSC2	NG_008617.1	27	AATGTGAGT	CCAAGTCTCCCCAGA	1
TSC2	NG_008617.1	27	CGGGTAGGG	GCCTACGTCCCCAGA	1
TSC2	NG_008617.1	28	AAGGTAGGG	TCTTGTCCGGGCAGG	1
TSC2	NG_008617.1	28	AATGTGAGT	CCAAGTCTCCCCAGA	1
TSC2	NG_008617.1	28	CGGGTAGGG	GCCTACGTCCCCAGA	1
TSC2	NG_008617.1	29	AAGGTAGGG	TCTTGTCCGGGCAGG	1
TSC2	NG_008617.1	29	AATGTGAGT	CCAAGTCTCCCCAGA	1
TSC2	NG_008617.1	29	CGGGTAGGG	GCCTACGTCCCCAGA	1
TSC2	NG_008617.1	30	AAGGTAGGG	TCTTGTCCGGGCAGG	1
TSC2	NG_008617.1	30	AATGTGAGT	CCAAGTCTCCCCAGA	1
TSC2	NG_008617.1	30	CGGGTAGGG	GCCTACGTCCCCAGA	1
TSC2	NG_008617.1	31	AAGGTAGGG	TCTTGTCCGGGCAGG	1
TSC2	NG_008617.1	31	AATGTGAGT	CCAAGTCTCCCCAGA	1
TSC2	NG_008617.1	31	CGGGTAGGG	GCCTACGTCCCCAGA	1
TSC2	NG_008617.1	32	AAGGTAGGG	TCTTGTCCGGGCAGG	1
TSC2	NG_008617.1	32	AATGTGAGT	CCAAGTCTCCCCAGA	1
TSC2	NG_008617.1	32	CGGGTAGGG	GCCTACGTCCCCAGA	1
TSC2	NG_008617.1	33	AAGGTAGGG	TCTTGTCCGGGCAGG	1
TSC2	NG_008617.1	33	AATGTGAGT	CCAAGTCTCCCCAGA	1
TSC2	NG_008617.1	33	CGGGTAGGG	GCCTACGTCCCCAGA	1
TSC2	NG_008617.1	34	AAGGTAGGG	TCTTGTCCGGGCAGG	1
TSC2	NG_008617.1	34	AATGTGAGT	CCAAGTCTCCCCAGA	1
TSC2	NG_008617.1	34	CGGGTAGGG	GCCTACGTCCCCAGA	1
TSC2	NG_008617.1	35	AAGGTAGGG	TCTTGTCCGGGCAGG	1
TSC2	NG_008617.1	35	AATGTGAGT	CCAAGTCTCCCCAGA	1
TSC2	NG_008617.1	35	CGGGTAGGG	GCCTACGTCCCCAGA	1
TSC2	NG_008617.1	36	AAGGTAGGG	TCTTGTCCGGGCAGG	1
TSC2	NG_008617.1	36	AATGTGAGT	CCAAGTCTCCCCAGA	1
TSC2	NG_008617.1	36	CGGGTAGGG	GCCTACGTCCCCAGA	1
TSC2	NG_008617.1	37	AAGGTAGGG	TCTTGTCCGGGCAGG	1
TSC2	NG_008617.1	37	AATGTGAGT	CCAAGTCTCCCCAGA	1
TSC2	NG_008617.1	37	CGGGTAGGG	GCCTACGTCCCCAGA	1
TSC2	NG_008617.1	38	AAGGTAGGG	TCTTGTCCGGGCAGG	1
TSC2	NG_008617.1	38	AATGTGAGT	CCAAGTCTCCCCAGA	1
TSC2	NG_008617.1	38	CGGGTAGGG	GCCTACGTCCCCAGA	1
TSC2	NG_008617.1	39	AAGGTAGGG	TCTTGTCCGGGCAGG	1
TSC2	NG_008617.1	39	AATGTGAGT	CCAAGTCTCCCCAGA	1
TSC2	NG_008617.1	39	CGGGTAGGG	GCCTACGTCCCCAGA	1
TSC2	NG_008617.1	40	AAGGTAGGG	TCTTGTCCGGGCAGG	1
TSC2	NG_008617.1	40	AATGTGAGT	CCAAGTCTCCCCAGA	1
TSC2	NG_008617.1	40	CGGGTAGGG	GCCTACGTCCCCAGA	1
TSC2	NG_008617.1	41	AAGGTAGGG	TCTTGTCCGGGCAGG	1
TSC2	NG_008617.1	41	AATGTGAGT	CCAAGTCTCCCCAGA	1
TSC2	NG_008617.1	41	CGGGTAGGG	GCCTACGTCCCCAGA	1
TSC2	NG_008617.1	42	AAGGTAGGG	TCTTGTCCGGGCAGG	1
TSC2	NG_008617.1	42	AATGTGAGT	CCAAGTCTCCCCAGA	1
TSC2	NG_008617.1	42	CGGGTAGGG	GCCTACGTCCCCAGA	1
TSC2	NG_008617.1	43	AAGGTAGGG	TCTTGTCCGGGCAGG	1
TSC2	NG_008617.1	43	AATGTGAGT	CCAAGTCTCCCCAGA	1
TSC2	NG_008617.1	43	CGGGTAGGG	GCCTACGTCCCCAGA	1
VHL	NG_008212.3	0	GAGGTACGG	GCTTGTCCCGATAGG	1
VHL	NG_008212.3	0	CAGGTACTG	TTTTGCCCTTCCAGT	1
