subtype	donor9	acceptor14
ATAC	GAGATATCC	CTCTCCTGCCCTAC
ATAC	TCAATATCC	TTAACATTTAGCAC
ATAC	AAGATATCC	TTAACTGCCCTCAC
ATAC	AACATATCC	AACTCTGAGTCCAC
ATAC	CTGATATCC	TTCTTAATGTTCAC
ATAC	ACAATATCC	ACTTTTTTTTTTAC
ATAC	GCTATATCC	TAACTGTGTTCTAC
ATAC	CAAATATCC	AACAAGTATTTTAC
ATAC	CACATATCC	CTGGTGCTGTTCAC
ATAC	CTGATATCC	AACAAGTTGTTTAC
ATAC	TCAATATCC	ACTTTTTGACCTAC
ATAC	GCCATATCC	CTCCGCTTTCCCAC
ATAC	GCAATATCC	GTTACACCCTTAAC
ATAC	TTTATATCC	ACTCTTCATCATAC
ATAC	GCAATATCC	CAATTGCATCCTAC
ATAC	AATATATCC	TGACTCCACAGCAC
ATAC	ATGATATCC	TTAGCCCCGTTTAC
ATAC	AAGATATCC	TGACTGAGTTTTAC
ATAC	CATATATCT	TTTAACTGGTTTAC
ATAC	TGGATATCC	TTAACTTTTTTCAC
ATAC	ATAATATCC	ATATTTTTATTTAC
ATAC	TCGATATCC	CTTGACAGCCACAC
ATAC	TTCATATCC	TGACGATATTCTAC
ATAC	TTCATATCC	TAACAATAACCTAC
ATAC	CTCATATCC	TGATTCTAAGCTAC
ATAC	CCAATATCC	TGACTCCTCGGCAC
ATAC	CGAATATCC	CTTAACAATTACAC
ATAC	CTCATATCC	TTGACCCCACGCAC
ATAC	GCGATATCA	CTTAACTCTGGCAC
ATAC	GGTATATCC	TAACTACAGTCAAC
ATAC	GAAATATCC	CTTAAGAGCTGTAC
ATAC	TAAATATCC	TAACAAAACTTAAC
ATAC	CTGATATCC	CTTATCTTCCTCAC
ATAC	CCAATATCC	TGACCTTTCTGCAC
ATAC	AGCATATCC	TAACATGGTGACAC
ATAC	ACCATATCC	TGACCACCGCATAC
ATAC	CTAATATCC	CCCTGACAAGCTAC
ATAC	TTAATATCC	TAACCCCACCCTAC
ATAC	CTGATATCC	CTTAATTTACTTAC
ATAC	ATGATATCC	TTAATAAGTTTTAC
ATAC	TAAATATCC	TAACTGTTCTTCAC
ATAC	ATGATATCC	TAACTGAAACTCAC
ATAC	CTGATATCC	GACACTATTTATAC
ATAC	AAGATATCC	TTGACACTCTTTAC
ATAC	AAGATATCC	CTGACCCATCTTAC
ATAC	TTCATATCC	ACTTGTTGCAGCAC
ATAC	ATAATATCC	TTAACTGTGTGCAC
ATAC	AAGATATCC	TTGACTCGCATCAC
ATAC	ACTATATCC	ATGCATTTAAATAC
ATAC	GCAATATCC	TTAACCATTTGCAC
ATAC	CCCATATCC	TGACTACTTCATAC
ATAC	GAAATATCC	TAACCCCCCCTCAC
ATAC	TCTATATCC	CTTAACATGGATAC
ATAC	CCGATATCC	GACTCCGTGGACAC
ATAC	ATCATATCC	CTCAACAAGCCTAC
ATAC	TGGATATCC	TCCTTTGTCTTCAC
ATAC	AAGATATCC	TAACGGCCTGGTAC
ATAC	TGGATATCC	TAACTGCTGTCCAC
ATAC	TAGATATCC	TCCTATGACAGTAC
ATAC	GCTATATCC	AATTTGAGATTTAC
ATAC	ATCATATCC	TGACCAAGGCTCAC
ATAC	AAAATATCC	TTGACTTGCGTAAC
ATAC	GCAATATCC	TGGTGGTGATGCAC
ATAC	CAGATATCC	AACCCGTGCTCCAC
ATAC	GCCATATCC	CTTAACTCACGCAC
ATAC	CGAATATCC	TTAACCTTTGTCAC
ATAC	GTCATATCC	ACTCAGACCTTCAC
ATAC	CAGATATCC	TAACTATGGTTTAC
ATAC	CGGATATCC	CTTAATTTTGCCAC
ATAC	CTAATATCC	CTTAACGCACGCAC
ATAC	CTTATATCC	ACTCACCCATCCAC
ATAC	GATATATCC	TTAACTATTCATAC
ATAC	ATCATATCC	AACTTTATTTGAAC
ATAC	GAGATATCC	TGACTACCCTGCAC
ATAC	AATATATCC	AGTGGCTTCTGCAC
ATAC	AGGATATCC	CTTAACAGGCCCAC
ATAC	ATGATATCC	TTAACCCTCCTCAC
ATAC	GAGATATCC	TTTTGTGCTTCTAC
ATAC	CCAATATCC	TGACTGGTGCCCAC
ATAC	TTCATATCC	TGACTCTTCTCTAC
ATAC	AAAATATCC	TAATGACCCATCAC
ATAC	ATGATATCC	TTAACCTTAGGCAC
ATAC	AAAATATCC	TAACCTAATTTAAC
ATAC	CAGATATCC	TTAACTCTCAACAC
ATAC	CCTATATCC	TGACCCACACCCAC
ATAC	AGAATATCC	TAACAAATAATAAC
ATAC	ATTATATCC	TGACACCAAATAAC
ATAC	TCCATATCC	TAACTATAGTATAC
ATAC	TGAATATCC	CTTAATCAACTCAC
ATAC	ATGATATCC	CTTAACAATGAAAC
ATAC	AGAATATCC	TAGCAGATCTGTAC
ATAC	CAGATATCC	CTTGACTATTCAAC
ATAC	GCTATATCC	CAACTGTTGTGTAC
ATAC	TCGATATCC	AACTTGAGAAAAAC
ATAC	ACGATATCC	TAACACGTGTCCAC
ATAC	CCTATATCC	AACCACAGCCCTAC
ATAC	TGGATATCC	TGACCTGCAAACAC
ATAC	GAAATATCC	AACACTGTGGACAC
ATAC	TAAATATCC	TAACTGTTTATTAC
ATAC	CCCATATCC	ACCCGCGGCGACAC
ATAC	TTTATATCC	TAACAGAGCCCCAC
ATAC	AGAATATCC	AACTGGTAACTCAC
ATAC	TCGATATCC	CCTTCACTTCCCAC
ATAC	CTGATATCC	CTTAACCCTCACAC
ATAC	GAAATATCC	TTTAACTTCAGCAC
ATAC	GACATATCC	TAACAGCCACTCAC
ATAC	CCTATATCC	ACTCGGGGCTGCAC
ATAC	GCTATATCC	CCTTAAGAACATAC
ATAC	GGAATATCC	TTAACATCACTTAC
ATAC	CCAATATCC	CTGAGCACCCACAC
ATAC	CCCATATCC	TTGACTGCCAGTAC
ATAC	TGCATATCC	TGACCCTGCCCCAC
ATAC	AGGATATCC	TGACCGCTTCGCAC
ATAC	AAGATATCC	ATTTGCAATCTCAC
ATAC	GAAATATCC	CCTTAACACTGTAC
ATAC	AATATATCC	CCTTAGCGCCCCAC
ATAC	GCCATATCC	TAATTCCCCAATAC
ATAC	CAGATATCC	TTAACTCACCTCAC
ATAC	GGAATATCC	TTAACTTGACTCAC
ATAC	ACGATATCC	AATTTGCCATGAAC
ATAC	GATATATCC	TAATTCCCTTGCAC
ATAC	GCGATATCC	TTGACTCTGCCAAC
ATAC	CAGATATCC	TTAACATTTTTCAC
ATAC	ACCATATCC	CCTTAACCGCTCAC
ATAC	TTAATATCC	CAGTTGTCATTTAC
ATAC	AATATATCC	TAAAACACTTGCAC
ATAC	GTCATATCC	GTAACTCTGCACAC
ATAC	TTTATATCC	ATCCTTCCAGCTAC
ATAC	ACCATATCC	AACTTATGATATAC
ATAC	CCCATATCC	GACTTGGTGTGCAC
ATAC	GGCATATCC	CTTAATTATTTCAC
ATAC	GAGATATCC	AACCTGTTGCGGAC
ATAC	CTAATATCC	GACAGAATGCCAAC
ATAC	GGAATATCC	CCTTTACTTTCTAC
ATAC	ACCATATCC	TAACAAAAAGCTAC
ATAC	ACAATATCC	AATTTGTCATCTAC
ATAC	AACATATCC	TAACCACACCTCAC
ATAC	TTAATATCC	CTTAACAGTCTTAC
ATAC	GAGATATCC	CTTGACAGACACAC
GTAG	ACTGTATCC	ACTCCCATGTGTAG
GTAG	GCCGTGTCC	ACGTGGACCCTCAG
GTAG	GACGTATCC	GGTGCCCCACCCAG
GTAG	CATGTATCC	CCCAGTTTCCGCAG
GTAG	ATCGTATCC	GGCGGCACCCCCAG
GTAG	TTCGTATCC	GCACCCTTCCTCAG
GTAG	ACTGTATCC	TAACAACTCTTCAG
GTAG	TCTGTATCC	AATGGGGCCAAAAG
GTAG	CCCGTATCT	TAAGCTTTTTGCAG
GTAG	ACAGTATCC	GACCACCATGCCAG
GTAG	CACGTATCC	AACGTGTCATACAG
GTAG	CCTGTATCC	GCACACACCTGCAG
GTAG	AGAGTATCC	TGATAGTTACACAG
GTAG	GCCGTATCC	CTGGACACGACCAG
GTAG	AGTGTATCC	TGGAGTTTATTCAG
GTAG	CAAGTATCC	ACTTTTATGAACAG
GTAG	GCAGTATCC	TACCTAAGTCCTAG
GTAG	TTCGTATCC	AATGTTATTGTAAG
GTAG	GTTGTATCC	TTTTAAATTATTAG
GTAG	GCAGTATCC	TTATGTTTTTATAG
GTAG	AAAGTATCC	CCATTCTGTGCCAG
GTAG	TCAGTATCC	TTCTCTACATAAAG
GTAG	CATGTATCC	ACCATCCTTATCAG
GTAG	CAAGTATCC	TTAACTTGCATCAG
GTAG	ACTGTATCC	ACTCCCTCAACCAG
GTAG	TGTGTATCC	AACATATACTTTAG
GTAG	CCCGTATCC	AACTCTTGAGCCAG
GTAG	CACGTATCC	CCATTTTTATTCAG
GTAG	ACTGTATCC	ATTCATCACCCCAG
GTAG	AAAGTATCT	CTTAATTAGTGAAG
GTAG	ACTGTATCC	CTAAACCCGCTCAG
GTAG	GAAGTATCC	AACCCTGGCTCCAG
GTAG	ATCGTATCC	CCACTGTGGTGCAG
GTAG	ACTGTATCC	TAACATCAATCCAG
GTAG	ACAGTATCC	CATACTTTACACAG
GTAG	CATGTATCC	TCAGATTGTCTAAG
GTAG	GATGTATCC	TTTAATGTGCCTAG
GTAG	GATGTATCC	TTGACTGAAGGCAG
GTAG	TTCGTATCC	ATCTTGATCATCAG
GTAG	CGAGTATCC	AAGCTTCCCCTCAG
GTAG	GCTGTATCC	TGATGGGATCCCAG
GTAG	GACGTATCC	CCCACATGGCACAG
GTAG	GCAGTATCC	TCTTGCTAATCTAG
GTAG	ACTGTATCC	AATGTTCTATTCAG
GTAG	ATTGTATCC	CCGCTTTTTAAAAG
GTAG	ACAGTATCC	AACTTGGTGTCTAG
GTAG	GAAGTATCC	AACTCCTTACCCAG
GTAG	GACGTATCC	AACCTATTAATCAG
GTAG	CGTGTATCC	ATCTGGGGTTCTAG
GTAG	AGTGTATCC	TCTTGACCACCCAG
GTAG	GGCGTATCC	CTTTTTCTGTTAAG
GTAG	GAAGTATCC	ACTGTGTCCTGTAG
GTAG	CACGTATCC	TAAACAAACCCCAG
GTAG	TCAGTATCC	TAGCCTCGTTTTAG
GTAG	TGAGTATCC	ATGTTTGCCTCCAG
GTAG	GCTGTATCC	AACACTGATCTCAG
GTAG	TGAGTATCC	GACGCTGCTCTCAG
GTAG	TGTGTATCC	ATATTACGTTCCAG
GTAG	TCTGTATCC	ATTAAACTGTACAG
GTAG	AGCGTATCC	TATACCTCTTCCAG
GTAG	AACGTATCC	TTAAAAAAACCCAG
GTAG	ACTGTATCC	CTTAACTAGCTGAG
GTAG	GCTGTATCC	GATCTGGGATGTAG
GTAG	GCAGTATCC	CTGCTTCTCCTCAG
GTAG	TATGTATCC	CTTTTTCATCCCAG
GTAG	ACTGTATCC	TCATATTTGATCAG
GTAG	ACAGTATCC	TAACAAGCATTGAG
GTAG	TTAGTATCC	AACATTTCTGCCAG
GTAG	AGTGTATCC	ACCATATTATTCAG
GTAG	GCAGTATCC	TACTTCTTGCCCAG
GTAG	GCTGTATCC	TTAATGTGGTTAAG
GTAG	ACAGTATCC	TCTTAACTACTCAG
GTAG	CCTGTATCC	TTGACACCCGCCAG
GTAG	ACAGTATCC	TGACCGTGGCCCAG
GTAG	AGTGTATCC	CACTTCCTGCCCAG
GTAG	ATTGTATCC	CATTCCCCTCCTAG
GTAG	GAAGTATCC	ACACATTTTTTCAG
GTAG	ACTGTATCC	AAAGTTGAAATTAG
GTAG	GACGTATCC	AGACCTTGCTACAG
GTAG	TCCGTATCC	TTACTTGTATTCAG
GTAG	TATGTATCC	CTAAAAACCTTTAG
GTAG	TGTGTATCC	CAACTTTCCCTCAG
GTAG	CTTGTATCC	GCTGCTGTTTTTAG
GTAG	AATGTATCC	TTTTATTATATTAG
GTAG	AGTGTATCC	CCTGTTCACGGCAG
GTAG	GGAGTATCC	CCGTCCCCCTGCAG
GTAG	TTTGTATCC	GTGCTTATCTACAG
GTAG	ATTGTATCC	TTATCTGATCTCAG
GTAG	AGTGTATCC	TAAATTTCTTACAG
GTAG	AGCGTATCC	ATGTTTTAAACTAG
GTAG	GGAGTATCC	CCTTAATACTTAAG
GTAG	ATGGTATCC	CAAGACAACTGCAG
GTAG	ACCGTATCC	GACCCGATGCTCAG
GTAG	GATGTATCC	AACTCCTGCACCAG
GTAG	TCAGTATCC	CGCACTGCCCCCAG
GTAG	TCTGTATCC	TGACCTTCTATTAG
GTAG	CAAGTATCC	ATTGTTTTCTTTAG
GTAG	AGCGTATCC	CTGTTCTATCACAG
GTAG	TTTGTATCC	AACAAAGATTTCAG
GTAG	TCTGTATCC	CTGCTTCTCCCCAG
GTAG	ACTGTATCC	TGTTCAATTCTCAG
GTAG	AGAGTATCC	ACTTTCCTTCTCAG
GTAG	TTTGTATCC	AATGAAAATAATAG
GTAG	AGTGTATCT	CTTAACTTGTTAAG
GTAG	TGTGTATCC	ACTAAATTCTTTAG
GTAG	CATGTATCC	ACCTGATGCTGTAG
GTAG	ATTGTATCC	CTTTTCACATGAAG
GTAG	GACGTATCC	CCACACTACCTCAG
GTAG	ATGGTATCC	TCTTTTTTTTCCAG
GTAG	ACTGTATCC	ACTAAGCAACTTAG
GTAG	ACCGTATCC	TTCAACTCACTTAG
GTAG	CAAGTATCC	ACTGTTTGTTCTAG
GTAG	ATTGTATCC	TAACATAAATTTAG
GTAG	AATGTATCC	TTTTCCTTCTGCAG
GTAG	ACTGTATCT	CTCTTTGTCATCAG
GTAG	AGTGTATCC	TACAGGGATTCCAG
GTAG	ACCGTATCC	AAGAAACTCCTTAG
GTAG	ATTGTATCC	TTTTTGTGGATCAG
GTAG	ATCGTATCC	CTTAGTGTGACTAG
GTAG	CACGTATCC	TAATGAATTCCTAG
GTAG	ACCGTATCC	TGGTCCACCATTAG
GTAG	ATTGTATCC	AACCTGCCACCAAG
GTAG	TCAGTATCC	AAGTCAAGTTTCAG
GTAG	TCAGTATCC	TTATCTGTTTTCAG
GTAG	ACAGTATCC	TATACCCTCTTCAG
GTAG	CCAGTATCC	ATTAAAGCCTCCAG
GTAG	CAAGTATCC	ACTTGATTTCCAAG
GTAG	CATGTATCC	ACTGATTAATTCAG
GTAG	GCTGTATCC	GGAATTAATTACAG
GTAG	GGAGTATCC	ACTAACTACTGCAG
GTAG	AATGTATCC	AACTTTTGGCGTAG
GTAG	CCCGTATCC	CTGGATTATCGCAG
GTAG	TTTGTATCC	CTTCTAACTCTCAG
GTAG	TCAGTATCC	ACACCAAATTTCAG
GTAG	GGAGTATCC	ACTACTGCCAACAG
GTAG	GTGGTATCC	TGACCTGGGCCCAG
GTAG	CCTGTATCC	CACGCCAACCTCAG
GTAG	CTTGTATCC	CAAGTCTCTTTTAG
GTAG	GATGTATCC	TGATTACAGTTCAG
GTAG	CTTGTATCC	TAAAAATATTAAAG
GTAG	CGCGTATCC	CCATCCGATGCCAG
GTAG	ACTGTATCC	GCTTCCACTTTCAG
GTAG	TACGTATCC	TAACTGTGTCCCAG
GTAG	CTCGTATCT	CTTGATTATGTCAG
GTAG	ACCGTATCC	GATTCAGTTATCAG
GTAG	GCTGTATCC	ACCGTCCACCTTAG
GTAG	ATGGTATCC	GTCATGGTGTATAG
GTAG	TCAGTATCC	CTCCACTCCTCCAG
GTAG	CTTGTATCC	GAGCTCTGGTATAG
GTAG	ATAGTATCC	TTACTACACCTCAG
GTAG	CACGTATCC	AACTTTTCTCCAAG
GTAG	GCCGTATCC	TAACTATAAAACAG
GTAG	GCTGTATCC	TTTTATATCACCAG
GTAG	TTTGTATCC	CTTGATTCTCACAG
GTAG	TGAGTATCC	GACAACTACTGCAG
GTAG	CAAGTATCC	AATCTGGCCTGCAG
GTAG	GATGTATCC	CTTCTCATTTACAG
GTAG	AGTGTATCC	AACGAGCTCTTCAG
GTAG	TTAGTATCC	AAAATGTTATCTAG
GTAG	GTTGTATCC	ACTCTGGCTTACAG
GTAG	GTTGTATCT	GCCATGCTGTTTAG
GTAG	ATTGTATCC	ATGAAAAATTTCAG
GTAG	AGTGTATCC	ATTTAATCTCACAG
GTAG	CTTGTATCC	AACTGATTCATTAG
GTAG	GATGTATCC	TCAAATTAATACAG
GTAG	GGTGTATCC	TTACAATTCTTCAG
GTAG	GTGGTATCC	CTTTACAAACCAAG
GTAG	ACCGTATCC	GACAAAGCCTCCAG
GTAG	GGCGTATCC	ACTCCAGGCTGCAG
GTAG	ACTGTATCC	TGACCTACAACCAG
GTAG	ATCGTATCC	TGACCTGTAACTAG
GTAG	GTTGTATCC	TCCTAAATTCACAG
GTAG	CACGTATCC	AACCATCACCACAG
GTAG	AGTGTATCC	ATCACCCTGGCCAG
GTAG	ACTGTATCC	CTGGACCCAACCAG
GTAG	CTCGTATCC	AATAATTTAACTAG
GTAG	ATCGTATCC	CTACTTGATATTAG
GTAG	CCTGTATCC	ACTAAAGTACTCAG
GTAG	TCTGTATCC	AATGCTCCCCCAAG
GTAG	ATTGTATCC	TTTAGTATGCATAG
GTAG	CCTGTATCC	AATCACTTACTCAG
GTAG	GCTGTATCC	TTTTTGCATTTCAG
GTAG	GTGGTATCC	TGTTATGTGACTAG
GTAG	GCCGTATCC	CATTTCCCAACCAG
GTAG	GTTGTATCC	ACCACCGACCCCAG
GTAG	GTTGTATCC	TGAAGTACCACTAG
GTAG	AGTGTATCC	CCCCCTCACCTCAG
GTAG	TTAGTATCC	CCATGCACTCCCAG
GTAG	AGTGTATCC	TGACCGGGACCCAG
GTAG	TTTGTATCC	TTAAAAGTTACCAG
GTAG	GCAGTATCC	TTAACCAGTCTAAG
GTAG	ACTGTATCC	AACTCCAGACCCAG
GTAG	ACTGTATCC	GCCTTGGCCGTCAG
GTAG	TTTGTATCC	TAACCAATGACTAG
GTAG	CACGTATCC	TTGTTTGGCATCAG
GTAG	CGTGTATCC	ACTGCTGTGCCCAG
GTAG	CCTGTATCC	GCACCATTTTCCAG
GTAG	GCTGTATCC	CTGCTGCGCCCCAG
GTAG	GATGTATCC	TAACGGCCACCCAG
GTAG	TCTGTATCC	TTGACGCTCCTCAG
GTAG	TGTGTATCC	CCAGCGGTGCTCAG
GTAG	TCCGTATCC	TAACACACTGACAG
GTAG	GCTGTATCC	AACTACCATTGTAG
GTAG	CTTGTATCC	CAGTCATCTATCAG
GTAG	ACCGTATCC	TGACCTAAGTCCAG
GTAG	GATGTATCC	GTGGAATTTCTTAG
GTAG	TACGTATCT	ACTCCGTTTTCCAG
GTAG	GTTGTATCC	CACCTTGTGGCCAG
GTAG	ATTGTATCC	GCAACTCTCCACAG
GTAG	TCCGTATCC	CACGTCAATGCCAG
GTAG	AAAGTATCC	CACTTTTCCAATAG
GTAG	CCCGTATCT	CCATTTTTCTACAG
GTAG	CGTGTATCC	CTTGAACACTTCAG
GTAG	CTTGTATCC	TAATGCAGTGGCAG
GTAG	TCTGTATCC	TTCTTGCTTCTCAG
GTAG	TTTGTATCC	ACCTTTCCTCTCAG
GTAG	CACGTATCC	TCCAAAAACCTCAG
GTAG	GCTGTATCC	AATATGCTGTTCAG
GTAG	CCTGTATCT	ACCTCTTTTGAAAG
GTAG	TCTGTATCC	TTACCTGGATACAG
GTAG	ATAGTATCC	AACTCCTCATTTAG
GTAG	CCAGTATCC	TTTACTTCTTTCAG
GTAG	CCTGTATCC	ACGAGGTTTCCCAG
GTAG	TCAGTATCC	GAGCTGGGCTGCAG
GTAG	GAAGTATCC	AACTGCTCCTCTAG
GTAG	CAAGTATCC	AAAATTCACTAAAG
GTAG	GGCGTATCC	CCTTGACATTGCAG
GTAG	GTGGTATCC	CTCATTCCATTTAG
GTAG	GCTGTATCC	GTTAAGAAATTAAG
GTAG	GCAGTATCC	TGCTTTCATGACAG
GTAG	TTGGTATCC	AACAATTCTCCCAG
GTAG	GGAGTATCC	TGACTGTGGACCAG
GTAG	ACCGTATCC	CTCTCCTGAACAAG
GTAG	TCAGTATCC	TAACTACAACTCAG
GTAG	CTTGTATCC	CCAAAGGAAATCAG
GTAG	TTTGTATCC	ACATTTTCAAAAAG
GTAG	CTCGTATCC	TAGTTTTCCCATAG
GTAG	TCTGTATCC	ACAGCTTTTTCCAG
GTAG	AATGTATCC	GGGGCACTGGCCAG
GTAG	GCTGTATCC	AACCAGAACAACAG
GTAG	GGTGTATCC	TGACATCCACAAAG
GTAG	CGCGTATCC	GACTCCTGCTGCAG
GTAG	ACTGTATCC	TGACACTCTCCGAG
GTAG	ACTGTATCC	GACAAGTTTTGAAG
GTAG	TTTGTATCC	TCTCAATATGGTAG
GTAG	GCAGTATCC	CTGAAACTTCCCAG
GTAG	GGAGTATCC	AAACTCAGGGACAG
GTAG	GATGTATCC	CCTCCCTCCTCCAG
GTAG	TCTGTATCC	ACTCTAACTAAAAG
GTAG	TTTGTATCC	GACTGAACCAACAG
GTAG	TTTGTATCC	TGAGTTAAATTCAG
GTAG	AAGGTATCC	TTTACTCTCTACAG
GTAG	AACGTATCC	GACTGGAAAAATAG
GTAG	TTGGTATCC	ACAATAGACTTCAG
GTAG	AAAGTATCC	TGAACACAATTCAG
GTAG	GCAGTATCC	TTGATGAGCCCCAG
GTAG	GTTGTATCC	TGACGGGCACTCAG
GTAG	TCCGTATCC	CTTAACAGTCCCAG
GTAG	TGTGTATCC	TGCACGATATTCAG
GTAG	CCTGTATCC	TCCCTCCAAACCAG
GTAG	ATTGTATCC	GGATGTTTTTGTAG
GTAG	GCTGTATCC	ATAAAGTGTCCCAG
GTAG	ACAGTATCC	AGACGTCTCCTCAG
GTAG	TTTGTATCT	ATCATAATTAAAAG
GTAG	AATGTATCC	CCACATGTATTCAG
GTAG	AGTGTATCC	AGCAGATTGATTAG
GTAG	GCTGTATCC	ACCTGCTGGGCCAG
GTAG	TCAGTATCC	AACACCCTGCTCAG
GTAG	AACGTATCC	TAGCTATGGCGCAG
GTAG	ACTGTATCC	TTGAGGCCCTGCAG
GTAG	TGTGTATCC	TGACGCCGCCGCAG
GTAG	GTTGTATCC	GACTGCACACCCAG
GTAG	AAAGTATCC	ATCAGTGGACTCAG
GTAG	TGCGTATCC	AGTGAGAGGCCCAG
GTAG	GCTGTATCC	CTGCCACTACATAG
GTAG	CATGTATCC	CCACATGGCTTCAG
GTAG	GGTGTATCT	AACCAGCTGTGCAG
GTAG	ACCGTATCC	ATGCCATCTGCTAG
GTAG	TCTGTATCC	ACTTGGAACTTAAG
GTAG	TCTGTATCC	CGTGCCTTCCCAAG
GTAG	CATGTATCC	CTGTCTTTGCTCAG
GTAG	GATGTATCC	CAAGATATCTGCAG
GTAG	ACAGTATCC	TCGGAGCCCCTCAG
GTAG	GATGTATCC	CCTGCCACCCTCAG
GTAG	AATGTATCC	CTTAAAACTTCAAG
GTAG	CCAGTATCC	AAGATTTCCCAAAG
GTAG	CTGGTATCC	ACAGTATTGATCAG
GTAG	AGCGTATCC	TAACCTTAAACCAG
GTAG	TTTGTATCC	ACCTACCTCCCCAG
GTAG	TAAGTATCC	TTTTTTCTCACCAG
GTAG	AACGTATCC	TAACTCACCTGTAG
GTAG	GACGTATCC	AACTGGCTATGCAG
GTAG	GTCGTATCC	GAATGGCCTGGCAG
GTAG	ACTGTATCC	CCTTTAGTCCTAAG
GTAG	GCTGTATCC	GAGCCTACTCCTAG
GTAG	AGAGTATCC	AATCTCGACTCTAG
GTAG	TCCGTATCC	TAACCTGGGTGCAG
GTAG	TACGTATCC	CTTAGTTTACAAAG
GTAG	GGCGTATCT	TTACTTCCATTCAG
GTAG	CATGTATCC	ATATGGTTTACAAG
GTAG	ACTGTATCC	GTTCTCCTGCGTAG
GTAG	CTTGTATCC	TTGACTCCCTTTAG
GTAG	GTTGTATCC	TACCTTGTCCCAAG
GTAG	GTCGTATCC	CACGTGTGCCTCAG
GTAG	TATGTATCC	AATTGTAATACCAG
GTAG	CAAGTATCC	TGCTCTGCGCCCAG
GTAG	ACTGTATCC	CACCTTTCCTTCAG
GTAG	CGTGTATCC	CCTAAGTGGCCCAG
GTAG	GATGTATCC	TAACAGCCTGGCAG
GTAG	ACTGTATCC	TCAGACATTTGCAG
GTAG	ATCGTATCC	TGGCCGCCATGCAG
GTAG	TCAGTATCC	AGCACCCCCACCAG
GTAG	CATGTATCC	CTTCCTCCTCCCAG
GTAG	ACTGTATCC	TTAACTCGCTGCAG
GTAG	CCCGTATCC	AATGCCAGCACCAG
GTAG	TCTGTATCC	CCTGTGGTGCTCAG
GTAG	TATGTATCC	CCTCAGCAGGACAG
GTAG	CCAGTATCC	TTAACCAAGCTCAG
GTAG	CCAGTATCC	CGAGGAAAATACAG
GTAG	CACGTATCC	TAATGAGATACCAG
GTAG	AGAGTATCC	ACATGATGGTCCAG
GTAG	CAAGTATCC	TTAATAAGTTACAG
GTAG	ACTGTATCC	TAACAGGACTCTAG
GTAG	CTTGTATCT	ACCGATTACCGCAG
GTAG	TCTGTATCC	ATCCTCTGCTGCAG
GTAG	ACTGTATCC	TGACCGGCTCTCAG
GTAG	GGAGTATCC	CCTTAACTTCACAG
GTAG	GCTGTATCC	ATTGTCATCTTCAG
GTAG	TTAGTATCC	CTTAATATTTTAAG
GTAG	GGGGTATCC	TGAGCTTGCTCCAG
GTAG	CGTGTATCT	GAATGTGTCTGCAG
GTAG	TGAGTATCC	GACTGCAGGCCCAG
GTAG	GCTGTATCC	CTGGCACCCCACAG
GTAG	CACGTATCC	CCTTAACGGGCTAG
GTAG	TGTGTATCC	ACCTGTGCAAACAG
GTAG	CTTGTATCC	ACAAGTCCTCACAG
GTAG	CTAGTATCC	AACACCACCTCCAG
GTAG	ACTGTATCC	TCACTTCCTGGCAG
GTAG	TTTGTAACC	TTGGCATACTCCAG
GTAG	GTTGTATCC	CTGGACCCCCTCAG
GTAG	CCTGTATCC	CACTCTGGCTCCAG
GTAG	GGGGTATCC	AACCCAGCCCGCAG
GTAG	ACCGTATCC	TGACCTCGGTGCAG
GTAG	ACTGTATCC	CCTGAGTGACACAG
GTAG	CTTGTATCC	TAACCTGAGTGCAG
GTAG	CAAGTATCC	TGATTTTAACCCAG
GTAG	TACGTATCC	ACAACATCTATCAG
GTAG	CAAGTATCC	TTCACATTTTAAAG
GTAG	TTTGTATCC	TACCTTGTGGTCAG
GTAG	TTAGTATCC	ACAATTTTTCTTAG
GTAG	GTTGTATCC	CTGTGTTCTTTCAG
GTAG	CCTGTATCC	TTAATGTATGAAAG
GTAG	TCCGTATCC	TTAAGTTGATTCAG
GTAG	ATTGTATCC	GACTTACTCCTCAG
GTAG	TTTGTATCC	ATTAATAATTTTAG
GTAG	TAAGTATCC	CTTAACCACCGCAG
GTAG	TCCGTATCC	CACTCCCAGCCCAG
GTAG	TCAGTATCC	GACAATTCTTGCAG
GTAG	ATTGTATCT	ACCACACACTGCAG
GTAG	AACGTATCC	TTAAAAAAACCCAG
GTAG	ACTGTATCC	ATGGACACAAACAG
