amino_acid,codon,relative_frequency
*,UAA,0
*,UAG,0
*,UGA,0
A,GCA,0.2695
A,GCC,0.095
A,GCG,0.1707
A,GCU,0.4672
C,UGC,0.6
C,UGU,0.4222
D,GAC,0.622
D,GAU,0.3798
E,GAA,0.7724
E,GAG,0.2288
F,UUC,0.7685
F,UUU,0.2344
G,GGA,0.0071
G,GGC,0.3848
G,GGG,0.0152
G,GGU,0.5959
H,CAC,0.6878
H,CAU,0.3171
I,AUA,0.0046
I,AUC,0.7411
I,AUU,0.2573
K,AAA,0.7146
K,AAG,0.2864
L,CUA,0.0012
L,CUC,0.0403
L,CUG,0.8339
L,CUU,0.0574
L,UUA,0.0305
L,UUG,0.0427
M,AUG,1.0
N,AAC,0.8616
N,AAU,0.1408
P,CCA,0.1325
P,CCC,0.0078
P,CCG,0.6987
P,CCU,0.1688
Q,CAA,0.2248
Q,CAG,0.7778
R,AGA,0.0093
R,AGG,0.001
R,CGA,0.0031
R,CGC,0.3022
R,CGG,0.0073
R,CGU,0.6822
S,AGC,0.2534
S,AGU,0.0445
S,UCA,0.0213
S,UCC,0.2689
S,UCG,0.0174
S,UCU,0.4043
T,ACA,0.0392
T,ACC,0.4344
T,ACG,0.0426
T,ACU,0.4889
V,GUA,0.2663
V,GUC,0.0911
V,GUG,0.1292
V,GUU,0.516
W,UGG,1.0
Y,UAC,0.7488
Y,UAU,0.256
